[{"id":"user-image-image-4.png","fileName":"image-4.png","name":"image-4","publicUrl":"https://assets.nicepagecdn.com/5a217cfd/5206382/images/image-4.png","size":13602,"hash":"8cY8pZyY/MJ7jEh+UZJwf7nxlH8=","width":3257,"height":167,"folderId":null,"thumbnail":{"url":"https://assets.nicepagecdn.com/5a217cfd/5206382/images/thumbnails/image-4.png","width":150,"height":8},"usages":[]},{"id":"user-image-Imagen262.png","fileName":"Imagen262.png","name":"Imagen262","publicUrl":"https://assets.nicepagecdn.com/5a217cfd/5206382/images/Imagen262.png","size":3588627,"hash":"aMHVGJBsbYxqHDSnsD5nHUMQ6pM=","width":1353,"height":1816,"folderId":null,"thumbnail":{"url":"https://assets.nicepagecdn.com/5a217cfd/5206382/images/thumbnails/Imagen262.png","width":112,"height":150},"usages":["5206392"]},{"id":"user-image-40.png","fileName":"40.png","name":"40","publicUrl":"https://assets.nicepagecdn.com/5a217cfd/5206382/images/40.png","size":17813,"hash":"LM8c8zcm8OennkhyfAU++TMx8tQ=","width":248,"height":120,"folderId":null,"thumbnail":{"url":"https://assets.nicepagecdn.com/5a217cfd/5206382/images/40.png","width":248,"height":120},"usages":["5213832"]},{"id":"user-image-39.jpg","fileName":"39.jpg","name":"39","publicUrl":"https://assets.nicepagecdn.com/5a217cfd/5206382/images/39.jpg","size":34315,"hash":"t3pDtc01/+0TmCrKsx92RfSOOIU=","width":1080,"height":1080,"folderId":null,"thumbnail":{"url":"https://assets.nicepagecdn.com/5a217cfd/5206382/images/thumbnails/39.jpg","width":150,"height":150},"usages":["5213832"]},{"id":"user-image-37.png","fileName":"37.png","name":"37","publicUrl":"https://assets.nicepagecdn.com/5a217cfd/5206382/images/37.png","size":11885,"hash":"l/aiWMH+lt67cIaM93eQEAGR1xk=","width":500,"height":138,"folderId":null,"thumbnail":{"url":"https://assets.nicepagecdn.com/5a217cfd/5206382/images/37.png","width":500,"height":138},"usages":["5213832"]},{"id":"user-image-36.jpeg","fileName":"36.jpeg","name":"36","publicUrl":"https://assets.nicepagecdn.com/5a217cfd/5206382/images/36.jpeg","size":4386,"hash":"nFpJmiIwi50a/gM8k9KhSnSIVS0=","width":300,"height":144,"folderId":null,"thumbnail":{"url":"https://assets.nicepagecdn.com/5a217cfd/5206382/images/36.jpeg","width":300,"height":144},"usages":["5213832"]},{"id":"user-image-35.jpg","fileName":"35.jpg","name":"35","publicUrl":"https://assets.nicepagecdn.com/5a217cfd/5206382/images/35.jpg","size":31902,"hash":"myMV2qAbjmAHeekp7WB54oe8JR0=","width":450,"height":340,"folderId":null,"thumbnail":{"url":"https://assets.nicepagecdn.com/5a217cfd/5206382/images/thumbnails/35.jpg","width":150,"height":113},"usages":["5213832"]},{"id":"user-image-34.png","fileName":"34.png","name":"34","publicUrl":"https://assets.nicepagecdn.com/5a217cfd/5206382/images/34.png","size":113465,"hash":"IALeiM0+msfXgU4JujBQy7LBX4g=","width":1180,"height":537,"folderId":null,"thumbnail":{"url":"https://assets.nicepagecdn.com/5a217cfd/5206382/images/thumbnails/34.png","width":150,"height":68},"usages":["5213832"]},{"id":"user-image-33.png","fileName":"33.png","name":"33","publicUrl":"https://assets.nicepagecdn.com/5a217cfd/5206382/images/33.png","size":25515,"hash":"c6XST0i6tmDu3m18j/IVp+tV8do=","width":630,"height":332,"folderId":null,"thumbnail":{"url":"https://assets.nicepagecdn.com/5a217cfd/5206382/images/thumbnails/33.png","width":150,"height":79},"usages":["5213832"]},{"id":"user-image-30.jpg","fileName":"30.jpg","name":"30","publicUrl":"https://assets.nicepagecdn.com/5a217cfd/5206382/images/30.jpg","size":26877,"hash":"slWAjwwY0SYakc9ueQCOkoSlj+s=","width":1920,"height":1080,"folderId":null,"thumbnail":{"url":"https://assets.nicepagecdn.com/5a217cfd/5206382/images/thumbnails/30.jpg","width":150,"height":84},"usages":["5213832"]},{"id":"user-image-27.jpeg","fileName":"27.jpeg","name":"27","publicUrl":"https://assets.nicepagecdn.com/5a217cfd/5206382/images/27.jpeg","size":5172,"hash":"8p9sXfdEFHqoLmeJkp/kmrmpBCk=","width":422,"height":119,"folderId":null,"thumbnail":{"url":"https://assets.nicepagecdn.com/5a217cfd/5206382/images/27.jpeg","width":422,"height":119},"usages":["5213832"]},{"id":"user-image-26.png","fileName":"26.png","name":"26","publicUrl":"https://assets.nicepagecdn.com/5a217cfd/5206382/images/26.png","size":6674,"hash":"PyngMrIGpNMc3yAcAZ3o3u2aEZs=","width":640,"height":336,"folderId":null,"thumbnail":{"url":"https://assets.nicepagecdn.com/5a217cfd/5206382/images/thumbnails/26.png","width":150,"height":79},"usages":["5213832"]},{"id":"user-image-25.webp","fileName":"25.webp","name":"25","publicUrl":"https://assets.nicepagecdn.com/5a217cfd/5206382/images/25.webp","size":15714,"hash":"pyi8SUjUoNw2j7PSyixB5QzhdS8=","width":300,"height":246,"folderId":null,"thumbnail":{"url":"https://assets.nicepagecdn.com/5a217cfd/5206382/images/25.webp","width":300,"height":246},"usages":["5213832"]},{"id":"user-image-24.png","fileName":"24.png","name":"24","publicUrl":"https://assets.nicepagecdn.com/5a217cfd/5206382/images/24.png","size":66122,"hash":"LxuTcneoJ2GWxSYwIJzhY03L/Ak=","width":1200,"height":562,"folderId":null,"thumbnail":{"url":"https://assets.nicepagecdn.com/5a217cfd/5206382/images/thumbnails/24.png","width":150,"height":70},"usages":["5213832"]},{"id":"user-image-23.png","fileName":"23.png","name":"23","publicUrl":"https://assets.nicepagecdn.com/5a217cfd/5206382/images/23.png","size":12581,"hash":"JDskHlF32AmUms4ke5BgRM0dMGE=","width":623,"height":222,"folderId":null,"thumbnail":{"url":"https://assets.nicepagecdn.com/5a217cfd/5206382/images/thumbnails/23.png","width":150,"height":53},"usages":["5213832"]},{"id":"user-image-22.png","fileName":"22.png","name":"22","publicUrl":"https://assets.nicepagecdn.com/5a217cfd/5206382/images/22.png","size":4897,"hash":"mJrTAguFi19sZpovmJCk9EqtDts=","width":242,"height":92,"folderId":null,"thumbnail":{"url":"https://assets.nicepagecdn.com/5a217cfd/5206382/images/22.png","width":242,"height":92},"usages":["5213832"]},{"id":"user-image-21.png","fileName":"21.png","name":"21","publicUrl":"https://assets.nicepagecdn.com/5a217cfd/5206382/images/21.png","size":6920,"hash":"DYsBinSHiqdfXzt58dDNswKdpns=","width":642,"height":164,"folderId":null,"thumbnail":{"url":"https://assets.nicepagecdn.com/5a217cfd/5206382/images/thumbnails/21.png","width":150,"height":38},"usages":["5213832"]},{"id":"user-image-20.png","fileName":"20.png","name":"20","publicUrl":"https://assets.nicepagecdn.com/5a217cfd/5206382/images/20.png","size":45332,"hash":"nLEC2V/MQhNOSCH60YgTSmw5mAA=","width":2560,"height":338,"folderId":null,"thumbnail":{"url":"https://assets.nicepagecdn.com/5a217cfd/5206382/images/thumbnails/20.png","width":150,"height":20},"usages":["5213832"]},{"id":"user-image-19.png","fileName":"19.png","name":"19","publicUrl":"https://assets.nicepagecdn.com/5a217cfd/5206382/images/19.png","size":6071,"hash":"PJWmTAIWvQ1tI1UeUx/l0hvwe7M=","width":436,"height":110,"folderId":null,"thumbnail":{"url":"https://assets.nicepagecdn.com/5a217cfd/5206382/images/19.png","width":436,"height":110},"usages":["5213832"]},{"id":"user-image-18.jpg","fileName":"18.jpg","name":"18","publicUrl":"https://assets.nicepagecdn.com/5a217cfd/5206382/images/18.jpg","size":18794,"hash":"zNZvCj3mNDdqjm7YU31Ph2Ajs9g=","width":400,"height":400,"folderId":null,"thumbnail":{"url":"https://assets.nicepagecdn.com/5a217cfd/5206382/images/thumbnails/18.jpg","width":150,"height":150},"usages":["5213832"]},{"id":"user-image-17.png","fileName":"17.png","name":"17","publicUrl":"https://assets.nicepagecdn.com/5a217cfd/5206382/images/17.png","size":16636,"hash":"3yAfJCbEI/Q5WcBqt6dAL2d+Z+s=","width":300,"height":86,"folderId":null,"thumbnail":{"url":"https://assets.nicepagecdn.com/5a217cfd/5206382/images/17.png","width":300,"height":86},"usages":["5213832"]},{"id":"user-image-16.png","fileName":"16.png","name":"16","publicUrl":"https://assets.nicepagecdn.com/5a217cfd/5206382/images/16.png","size":6311,"hash":"z7F5FT8mixrVjYs6JrgxNpKB+oY=","width":369,"height":136,"folderId":null,"thumbnail":{"url":"https://assets.nicepagecdn.com/5a217cfd/5206382/images/16.png","width":369,"height":136},"usages":["5213832"]},{"id":"user-image-15.jpg","fileName":"15.jpg","name":"15","publicUrl":"https://assets.nicepagecdn.com/5a217cfd/5206382/images/15.jpg","size":5285,"hash":"iO/A3DXyOOf5nUeEcMApzJVu9Do=","width":220,"height":159,"folderId":null,"thumbnail":{"url":"https://assets.nicepagecdn.com/5a217cfd/5206382/images/thumbnails/15.jpg","width":150,"height":108},"usages":["5213832"]},{"id":"user-image-14.png","fileName":"14.png","name":"14","publicUrl":"https://assets.nicepagecdn.com/5a217cfd/5206382/images/14.png","size":7463,"hash":"PLborZV3je53GokNwGoyTB4WSGc=","width":399,"height":126,"folderId":null,"thumbnail":{"url":"https://assets.nicepagecdn.com/5a217cfd/5206382/images/14.png","width":399,"height":126},"usages":["5213832"]},{"id":"user-image-13.png","fileName":"13.png","name":"13","publicUrl":"https://assets.nicepagecdn.com/5a217cfd/5206382/images/13.png","size":161500,"hash":"G+V7u39Gss9mIL2KZm76bYg0jG8=","width":1024,"height":501,"folderId":null,"thumbnail":{"url":"https://assets.nicepagecdn.com/5a217cfd/5206382/images/thumbnails/13.png","width":150,"height":73},"usages":["5213832"]},{"id":"user-image-12.jpeg","fileName":"12.jpeg","name":"12","publicUrl":"https://assets.nicepagecdn.com/5a217cfd/5206382/images/12.jpeg","size":13075,"hash":"r2VRfxvzoPisY9NMX4l1MOzJYcU=","width":333,"height":333,"folderId":null,"thumbnail":{"url":"https://assets.nicepagecdn.com/5a217cfd/5206382/images/thumbnails/12.jpeg","width":150,"height":150},"usages":["5213832"]},{"id":"user-image-11.png","fileName":"11.png","name":"11","publicUrl":"https://assets.nicepagecdn.com/5a217cfd/5206382/images/11.png","size":48840,"hash":"phvAmAHyriTRCi+ybCUAm140MYY=","width":370,"height":240,"folderId":null,"thumbnail":{"url":"https://assets.nicepagecdn.com/5a217cfd/5206382/images/thumbnails/11.png","width":150,"height":97},"usages":["5213832"]},{"id":"user-image-10.jpeg","fileName":"10.jpeg","name":"10","publicUrl":"https://assets.nicepagecdn.com/5a217cfd/5206382/images/10.jpeg","size":7325,"hash":"rVoR/BdwaZJX4fGM9USnaxYPSRQ=","width":406,"height":124,"folderId":null,"thumbnail":{"url":"https://assets.nicepagecdn.com/5a217cfd/5206382/images/10.jpeg","width":406,"height":124},"usages":["5213832"]},{"id":"user-image-8.png","fileName":"8.png","name":"8","publicUrl":"https://assets.nicepagecdn.com/5a217cfd/5206382/images/8.png","size":11674,"hash":"YUX0tMxdi6Rm2Zuhu7cIpKDbjt4=","width":207,"height":80,"folderId":null,"thumbnail":{"url":"https://assets.nicepagecdn.com/5a217cfd/5206382/images/8.png","width":207,"height":80},"usages":["5213832"]},{"id":"user-image-7.webp","fileName":"7.webp","name":"7","publicUrl":"https://assets.nicepagecdn.com/5a217cfd/5206382/images/7.webp","size":4906,"hash":"xuge5VE9QSIx1PfTI6jowvbYFM4=","width":358,"height":120,"folderId":null,"thumbnail":{"url":"https://assets.nicepagecdn.com/5a217cfd/5206382/images/7.webp","width":358,"height":120},"usages":["5213832"]},{"id":"user-image-6.jpeg","fileName":"6.jpeg","name":"6","publicUrl":"https://assets.nicepagecdn.com/5a217cfd/5206382/images/6.jpeg","size":8789,"hash":"drTnELAZRrFiXTyBT+MPjn4ebgw=","width":353,"height":143,"folderId":null,"thumbnail":{"url":"https://assets.nicepagecdn.com/5a217cfd/5206382/images/6.jpeg","width":353,"height":143},"usages":["5213832"]},{"id":"user-image-5.png","fileName":"5.png","name":"5","publicUrl":"https://assets.nicepagecdn.com/5a217cfd/5206382/images/5.png","size":55783,"hash":"Du2gZ9RUfOrfzdO6w/aAeynNIkE=","width":700,"height":387,"folderId":null,"thumbnail":{"url":"https://assets.nicepagecdn.com/5a217cfd/5206382/images/thumbnails/5.png","width":150,"height":83},"usages":["5213832"]},{"id":"user-image-4.png","fileName":"4.png","name":"4","publicUrl":"https://assets.nicepagecdn.com/5a217cfd/5206382/images/4.png","size":21266,"hash":"FE5pPQAQXW94WIw5bC6jKINj3nI=","width":370,"height":240,"folderId":null,"thumbnail":{"url":"https://assets.nicepagecdn.com/5a217cfd/5206382/images/thumbnails/4.png","width":150,"height":97},"usages":["5213832"]},{"id":"user-image-3.jpg","fileName":"3.jpg","name":"3","publicUrl":"https://assets.nicepagecdn.com/5a217cfd/5206382/images/3.jpg","size":16463,"hash":"jEPt30vZNmSJl9gxPp0E62t1wr8=","width":449,"height":309,"folderId":null,"thumbnail":{"url":"https://assets.nicepagecdn.com/5a217cfd/5206382/images/thumbnails/3.jpg","width":150,"height":103},"usages":["5213832"]},{"id":"user-image-2.png","fileName":"2.png","name":"2","publicUrl":"https://assets.nicepagecdn.com/5a217cfd/5206382/images/2.png","size":40942,"hash":"OGqyAyNepYhoZJSrvXcJh4Z/I7c=","width":971,"height":510,"folderId":null,"thumbnail":{"url":"https://assets.nicepagecdn.com/5a217cfd/5206382/images/thumbnails/2.png","width":150,"height":79},"usages":["5213832"]},{"id":"user-image-1.jpg","fileName":"1.jpg","name":"1","publicUrl":"https://assets.nicepagecdn.com/5a217cfd/5206382/images/1.jpg","size":11740,"hash":"Hh9I52UwTXqJlplBJ+j3A7xz8oA=","width":437,"height":230,"folderId":null,"thumbnail":{"url":"https://assets.nicepagecdn.com/5a217cfd/5206382/images/thumbnails/1.jpg","width":150,"height":79},"usages":[]},{"id":"user-image-Imagen252.png","fileName":"Imagen252.png","name":"Imagen252","publicUrl":"https://assets.nicepagecdn.com/5a217cfd/5206382/images/Imagen252.png","size":3833880,"hash":"eiBwbtoFuaVQnZS95algcrhUP6U=","width":2208,"height":1900,"folderId":null,"thumbnail":{"url":"https://assets.nicepagecdn.com/5a217cfd/5206382/images/thumbnails/Imagen252.png","width":150,"height":129},"usages":["5213832"]},{"id":"user-image-Imagen242.png","fileName":"Imagen242.png","name":"Imagen242","publicUrl":"https://assets.nicepagecdn.com/5a217cfd/5206382/images/Imagen242.png","size":5221830,"hash":"3NLVCfHRzZGMQoPprgf5E4Q2w08=","width":2974,"height":1662,"folderId":null,"thumbnail":{"url":"https://assets.nicepagecdn.com/5a217cfd/5206382/images/thumbnails/Imagen242.png","width":150,"height":84},"usages":["5213832"]},{"id":"user-image-Imagen232.png","fileName":"Imagen232.png","name":"Imagen232","publicUrl":"https://assets.nicepagecdn.com/5a217cfd/5206382/images/Imagen232.png","size":4140377,"hash":"DJZOpiLERdTkx32W3lF4m//ffdY=","width":2292,"height":1756,"folderId":null,"thumbnail":{"url":"https://assets.nicepagecdn.com/5a217cfd/5206382/images/thumbnails/Imagen232.png","width":150,"height":115},"usages":["5213832"]},{"id":"user-image-Imagen222.png","fileName":"Imagen222.png","name":"Imagen222","publicUrl":"https://assets.nicepagecdn.com/5a217cfd/5206382/images/Imagen222.png","size":3715160,"hash":"fk6vYgX0SAnnZ8ny/0mrWPjUlLg=","width":2152,"height":1589,"folderId":null,"thumbnail":{"url":"https://assets.nicepagecdn.com/5a217cfd/5206382/images/thumbnails/Imagen222.png","width":150,"height":111},"usages":["5213832"]},{"id":"user-image-Imagen212.png","fileName":"Imagen212.png","name":"Imagen212","publicUrl":"https://assets.nicepagecdn.com/5a217cfd/5206382/images/Imagen212.png","size":2542217,"hash":"ZOT0jUAOI4ULSGo/q5wvsF+w+y4=","width":3008,"height":947,"folderId":null,"thumbnail":{"url":"https://assets.nicepagecdn.com/5a217cfd/5206382/images/thumbnails/Imagen212.png","width":150,"height":47},"usages":["5213832"]},{"id":"user-image-Imagen202.png","fileName":"Imagen202.png","name":"Imagen202","publicUrl":"https://assets.nicepagecdn.com/5a217cfd/5206382/images/Imagen202.png","size":4238939,"hash":"zWkGH1psaMlqYkToCR/1WQRPe9M=","width":2514,"height":1077,"folderId":null,"thumbnail":{"url":"https://assets.nicepagecdn.com/5a217cfd/5206382/images/thumbnails/Imagen202.png","width":150,"height":64},"usages":["5213832"]},{"id":"user-image-Imagen192.png","fileName":"Imagen192.png","name":"Imagen192","publicUrl":"https://assets.nicepagecdn.com/5a217cfd/5206382/images/Imagen192.png","size":3934397,"hash":"PoLu+Xebe4us9t96EAQJ3AvbsDU=","width":2862,"height":1142,"folderId":null,"thumbnail":{"url":"https://assets.nicepagecdn.com/5a217cfd/5206382/images/thumbnails/Imagen192.png","width":150,"height":60},"usages":["5213832"]},{"id":"user-image-Imagen172.png","fileName":"Imagen172.png","name":"Imagen172","publicUrl":"https://assets.nicepagecdn.com/5a217cfd/5206382/images/Imagen172.png","size":3489399,"hash":"1EtJ2p29IdRfG38+msk6CAouDEY=","width":2776,"height":986,"folderId":null,"thumbnail":{"url":"https://assets.nicepagecdn.com/5a217cfd/5206382/images/thumbnails/Imagen172.png","width":150,"height":53},"usages":["5213832"]},{"id":"user-image-Imagen16.jpg","fileName":"Imagen16.jpg","name":"Imagen16","publicUrl":"https://assets.nicepagecdn.com/5a217cfd/5206382/images/Imagen16.jpg","size":173023,"hash":"33+82+e/W4knswmwSoft54hG5II=","width":940,"height":705,"folderId":null,"thumbnail":{"url":"https://assets.nicepagecdn.com/5a217cfd/5206382/images/thumbnails/Imagen16.jpg","width":150,"height":113},"usages":[]},{"id":"user-image-Imagen15.jpg","fileName":"Imagen15.jpg","name":"Imagen15","publicUrl":"https://assets.nicepagecdn.com/5a217cfd/5206382/images/Imagen15.jpg","size":134626,"hash":"vvCWL0oLEV15etZUGAJ7ntD/hXs=","width":1196,"height":897,"folderId":null,"thumbnail":{"url":"https://assets.nicepagecdn.com/5a217cfd/5206382/images/thumbnails/Imagen15.jpg","width":150,"height":113},"usages":[]},{"id":"user-image-image-3.png","fileName":"image-3.png","name":"image-3","publicUrl":"https://assets.nicepagecdn.com/5a217cfd/5206382/images/image-3.png","size":3073,"hash":"QxCxMRLkQC13Mk47329I/4uvycQ=","width":606,"height":81,"folderId":null,"thumbnail":{"url":"https://assets.nicepagecdn.com/5a217cfd/5206382/images/image-3.png","width":606,"height":81},"usages":[]},{"id":"user-image-BV_Cert_ISO45001.png","fileName":"BV_Cert_ISO45001.png","name":"BV_Cert_ISO45001","publicUrl":"https://assets.nicepagecdn.com/5a217cfd/5206382/images/BV_Cert_ISO45001.png","size":40783,"hash":"U2VyQqfL+u/d2dZH5sbg13CyJ9c=","width":414,"height":192,"folderId":null,"thumbnail":{"url":"https://assets.nicepagecdn.com/5a217cfd/5206382/images/thumbnails/BV_Cert_ISO45001.png","width":150,"height":70},"usages":["5207872"]},{"id":"user-image-image-2.png","fileName":"image-2.png","name":"image-2","publicUrl":"https://assets.nicepagecdn.com/5a217cfd/5206382/images/image-2.png","size":6894,"hash":"3OhpJheqAgxGgyCypuAHN5XrGKc=","width":2154,"height":62,"folderId":null,"thumbnail":{"url":"https://assets.nicepagecdn.com/5a217cfd/5206382/images/image-2.png","width":2154,"height":62},"usages":[]},{"id":"user-image-INEN_149.png","fileName":"INEN_149.png","name":"INEN_149","publicUrl":"https://assets.nicepagecdn.com/5a217cfd/5206382/images/INEN_149.png","size":282360,"hash":"EDMe+bsoAsyDNh59wUoenCjwQT0=","width":374,"height":553,"folderId":null,"thumbnail":{"url":"https://assets.nicepagecdn.com/5a217cfd/5206382/images/thumbnails/INEN_149.png","width":101,"height":150},"usages":["5207872"]},{"id":"user-image-INEN_148.png","fileName":"INEN_148.png","name":"INEN_148","publicUrl":"https://assets.nicepagecdn.com/5a217cfd/5206382/images/INEN_148.png","size":218183,"hash":"072dUWuxoHtwlcQ+tZAe766mxmU=","width":315,"height":465,"folderId":null,"thumbnail":{"url":"https://assets.nicepagecdn.com/5a217cfd/5206382/images/thumbnails/INEN_148.png","width":102,"height":150},"usages":["5207872"]},{"id":"user-image-image-1.png","fileName":"image-1.png","name":"image-1","publicUrl":"https://assets.nicepagecdn.com/5a217cfd/5206382/images/image-1.png","size":18770,"hash":"+J5Y5hLQnxxcL92BQDEHwXJO4nI=","width":2585,"height":260,"folderId":null,"thumbnail":{"url":"https://assets.nicepagecdn.com/5a217cfd/5206382/images/thumbnails/image-1.png","width":150,"height":15},"usages":[]},{"id":"user-image-ISO_9001_2015.png","fileName":"ISO_9001_2015.png","name":"ISO_9001_2015","publicUrl":"https://assets.nicepagecdn.com/5a217cfd/5206382/images/ISO_9001_2015.png","size":755011,"hash":"5n55EUj3l9QWQDlWd6m0XsrbgnY=","width":653,"height":926,"folderId":null,"thumbnail":{"url":"https://assets.nicepagecdn.com/5a217cfd/5206382/images/thumbnails/ISO_9001_2015.png","width":106,"height":150},"usages":["5207872"]},{"id":"user-image-image.png","fileName":"image.png","name":"image","publicUrl":"https://assets.nicepagecdn.com/5a217cfd/5206382/images/image.png","size":8213,"hash":"X+aVHZe3TDakc+x9vHTSJO79h5U=","width":2828,"height":62,"folderId":null,"thumbnail":{"url":"https://assets.nicepagecdn.com/5a217cfd/5206382/images/image.png","width":2828,"height":62},"usages":[]},{"id":"user-image-todos.jpg","fileName":"todos.jpg","name":"todos","publicUrl":"https://assets.nicepagecdn.com/5a217cfd/5206382/images/todos.jpg","size":34695,"hash":"V2XkLiDsio9Px+R/tJsL/ft1r+s=","width":431,"height":212,"folderId":null,"thumbnail":{"url":"https://assets.nicepagecdn.com/5a217cfd/5206382/images/thumbnails/todos.jpg","width":150,"height":74},"usages":["5206391"]},{"id":"user-image-allen-logo.png","fileName":"allen-logo.png","name":"allen-logo","publicUrl":"https://assets.nicepagecdn.com/5a217cfd/5206382/images/allen-logo.png","size":41703,"hash":"ObSuIuJSKTdtm/R3a6ux6mnDpBk=","width":466,"height":239,"folderId":null,"thumbnail":{"url":"https://assets.nicepagecdn.com/5a217cfd/5206382/images/thumbnails/allen-logo.png","width":150,"height":77},"usages":["5206416"]},{"id":"user-image-allen.png","fileName":"allen.png","name":"allen","publicUrl":"https://assets.nicepagecdn.com/5a217cfd/5206382/images/allen.png","size":19436,"hash":"Oc3s2b7LSGvwbC8Wni99ZEYXEzc=","width":920,"height":226,"folderId":null,"thumbnail":{"url":"https://assets.nicepagecdn.com/5a217cfd/5206382/images/thumbnails/allen.png","width":150,"height":37},"usages":[]},{"id":"user-image-Imagen14.jpg","fileName":"Imagen14.jpg","name":"Imagen14","publicUrl":"https://assets.nicepagecdn.com/5a217cfd/5206382/images/Imagen14.jpg","size":363555,"hash":"nBll+ZuTkZdtCQwGJ+SjoH6kF4g=","width":2108,"height":1075,"folderId":null,"thumbnail":{"url":"https://assets.nicepagecdn.com/5a217cfd/5206382/images/thumbnails/Imagen14.jpg","width":150,"height":76},"usages":["5206416"]},{"id":"user-image-a3a751d46f9e92174a2e92db6c6dea1207c73919e81204068739bd9d09dc3b08a56c5b5ac0b63ed176c65114b6906470cc13235e070c30982f5f4a_1280.jpg","fileName":"a3a751d46f9e92174a2e92db6c6dea1207c73919e81204068739bd9d09dc3b08a56c5b5ac0b63ed176c65114b6906470cc13235e070c30982f5f4a_1280.jpg","name":"a3a751d46f9e92174a2e92db6c6dea1207c73919e81204068739bd9d09dc3b08a56c5b5ac0b63ed176c65114b6906470cc13235e070c30982f5f4a_1280","publicUrl":"https://assets.nicepagecdn.com/5a217cfd/5206382/images/a3a751d46f9e92174a2e92db6c6dea1207c73919e81204068739bd9d09dc3b08a56c5b5ac0b63ed176c65114b6906470cc13235e070c30982f5f4a_1280.jpg","size":240278,"hash":"1UJHFOucfSAUq7cYAagx4hsc+aM=","width":1280,"height":853,"folderId":null,"thumbnail":{"url":"https://assets.nicepagecdn.com/5a217cfd/5206382/images/thumbnails/a3a751d46f9e92174a2e92db6c6dea1207c73919e81204068739bd9d09dc3b08a56c5b5ac0b63ed176c65114b6906470cc13235e070c30982f5f4a_1280.jpg","width":150,"height":100},"usages":["5206416"]},{"id":"user-image-Imagen11.jpg","fileName":"Imagen11.jpg","name":"Imagen11","publicUrl":"https://assets.nicepagecdn.com/5a217cfd/5206382/images/Imagen11.jpg","size":308996,"hash":"gQ93ZCli2ujJrIndsRyGQ9wHJaY=","width":1342,"height":1250,"folderId":null,"thumbnail":{"url":"https://assets.nicepagecdn.com/5a217cfd/5206382/images/thumbnails/Imagen11.jpg","width":150,"height":140},"usages":[]},{"id":"user-image-Imagen9.jpg","fileName":"Imagen9.jpg","name":"Imagen9","publicUrl":"https://assets.nicepagecdn.com/5a217cfd/5206382/images/Imagen9.jpg","size":288064,"hash":"H7Dj+EdfkvoWNUVnD5W5ci61Zlc=","width":1576,"height":1057,"folderId":null,"thumbnail":{"url":"https://assets.nicepagecdn.com/5a217cfd/5206382/images/thumbnails/Imagen9.jpg","width":150,"height":101},"usages":[]},{"id":"user-image-Imagen12.jpg","fileName":"Imagen12.jpg","name":"Imagen12","publicUrl":"https://assets.nicepagecdn.com/5a217cfd/5206382/images/Imagen12.jpg","size":261781,"hash":"vintPBuEc3bBMjpPvFU+Kf8dlDg=","width":1981,"height":624,"folderId":null,"thumbnail":{"url":"https://assets.nicepagecdn.com/5a217cfd/5206382/images/thumbnails/Imagen12.jpg","width":150,"height":47},"usages":[]},{"id":"user-image-Imagen8.jpg","fileName":"Imagen8.jpg","name":"Imagen8","publicUrl":"https://assets.nicepagecdn.com/5a217cfd/5206382/images/Imagen8.jpg","size":328207,"hash":"LWVje+GMiyrttS0OQijUCmljfEM=","width":1810,"height":659,"folderId":null,"thumbnail":{"url":"https://assets.nicepagecdn.com/5a217cfd/5206382/images/thumbnails/Imagen8.jpg","width":150,"height":55},"usages":[]},{"id":"user-image-Imagen13.jpg","fileName":"Imagen13.jpg","name":"Imagen13","publicUrl":"https://assets.nicepagecdn.com/5a217cfd/5206382/images/Imagen13.jpg","size":66657,"hash":"pr3nk58k0ADGaDnKVCGlNL2B7Yg=","width":756,"height":319,"folderId":null,"thumbnail":{"url":"https://assets.nicepagecdn.com/5a217cfd/5206382/images/thumbnails/Imagen13.jpg","width":150,"height":63},"usages":[]},{"id":"user-image-f2efb0d969a851dfc466d0fbd3c8a72625a17e25fb9b0de7457430b9067f54438c214ef6054f6e81ad308591e67297e756c2c9266df7f2337109ce_1280.jpg","fileName":"f2efb0d969a851dfc466d0fbd3c8a72625a17e25fb9b0de7457430b9067f54438c214ef6054f6e81ad308591e67297e756c2c9266df7f2337109ce_1280.jpg","name":"f2efb0d969a851dfc466d0fbd3c8a72625a17e25fb9b0de7457430b9067f54438c214ef6054f6e81ad308591e67297e756c2c9266df7f2337109ce_1280","publicUrl":"https://assets.nicepagecdn.com/5a217cfd/5206382/images/f2efb0d969a851dfc466d0fbd3c8a72625a17e25fb9b0de7457430b9067f54438c214ef6054f6e81ad308591e67297e756c2c9266df7f2337109ce_1280.jpg","size":50922,"hash":"UQEj+61YMdXchH1XwVUpL5SaArs=","width":1280,"height":720,"folderId":null,"thumbnail":{"url":"https://assets.nicepagecdn.com/5a217cfd/5206382/images/thumbnails/f2efb0d969a851dfc466d0fbd3c8a72625a17e25fb9b0de7457430b9067f54438c214ef6054f6e81ad308591e67297e756c2c9266df7f2337109ce_1280.jpg","width":150,"height":84},"usages":[]},{"id":"user-image-65518dd6-c42b-4eea-b513-43ef7b0da629.jpg","fileName":"65518dd6-c42b-4eea-b513-43ef7b0da629.jpg","name":"65518dd6-c42b-4eea-b513-43ef7b0da629","publicUrl":"https://assets.nicepagecdn.com/5a217cfd/5206382/images/65518dd6-c42b-4eea-b513-43ef7b0da629.jpg","size":62469,"hash":"Wxtml+RCJORomcHVdAuLl7ExTr4=","width":900,"height":617,"folderId":null,"thumbnail":{"url":"https://assets.nicepagecdn.com/5a217cfd/5206382/images/thumbnails/65518dd6-c42b-4eea-b513-43ef7b0da629.jpg","width":150,"height":103},"usages":["5206416"]},{"id":"user-image-abb-1sfa898107r7000-nfs.webp","fileName":"abb-1sfa898107r7000-nfs.webp","name":"abb-1sfa898107r7000-nfs","publicUrl":"https://assets.nicepagecdn.com/5a217cfd/5206382/images/abb-1sfa898107r7000-nfs.webp","size":11071,"hash":"Lgnglo7ROxsr4cWuxUrjxW7o4MY=","width":800,"height":800,"folderId":null,"thumbnail":{"url":"https://assets.nicepagecdn.com/5a217cfd/5206382/images/abb-1sfa898107r7000-nfs.webp","width":800,"height":800},"usages":["5206416"]},{"id":"user-image-88d09284-1531-4480-b2c9-35ea820b06ae.png","fileName":"88d09284-1531-4480-b2c9-35ea820b06ae.png","name":"88d09284-1531-4480-b2c9-35ea820b06ae","publicUrl":"https://assets.nicepagecdn.com/5a217cfd/5206382/images/88d09284-1531-4480-b2c9-35ea820b06ae.png","size":889791,"hash":"z8fXYYn3CecuHoH0rZpKTXef/BQ=","width":1080,"height":1080,"folderId":null,"thumbnail":{"url":"https://assets.nicepagecdn.com/5a217cfd/5206382/images/thumbnails/88d09284-1531-4480-b2c9-35ea820b06ae.png","width":150,"height":150},"usages":["5206416"]},{"id":"user-image-41O6GADH6uL.jpg","fileName":"41O6GADH6uL.jpg","name":"41O6GADH6uL","publicUrl":"https://assets.nicepagecdn.com/5a217cfd/5206382/images/41O6GADH6uL.jpg","size":23269,"hash":"N/qvDC39Uu4Y3Io0l6yTNxqT8GM=","width":500,"height":500,"folderId":null,"thumbnail":{"url":"https://assets.nicepagecdn.com/5a217cfd/5206382/images/thumbnails/41O6GADH6uL.jpg","width":150,"height":150},"usages":["5206416"]},{"id":"user-image-Imagen7.jpg","fileName":"Imagen7.jpg","name":"Imagen7","publicUrl":"https://assets.nicepagecdn.com/5a217cfd/5206382/images/Imagen7.jpg","size":194042,"hash":"zb01I5gFYndDGd4W0xqaOkgI2Jk=","width":1005,"height":658,"folderId":null,"thumbnail":{"url":"https://assets.nicepagecdn.com/5a217cfd/5206382/images/thumbnails/Imagen7.jpg","width":150,"height":98},"usages":["5206416"]},{"id":"user-image-DALLE2023-06-2013.41.01-dobladoracnc.png","fileName":"DALLE2023-06-2013.41.01-dobladoracnc.png","name":"DALLE2023-06-2013.41.01-dobladoracnc","publicUrl":"https://assets.nicepagecdn.com/5a217cfd/5206382/images/DALLE2023-06-2013.41.01-dobladoracnc.png","size":1737947,"hash":"DWl8IFKvXPabnjym1N5K82NuCX8=","width":1024,"height":1024,"folderId":null,"thumbnail":{"url":"https://assets.nicepagecdn.com/5a217cfd/5206382/images/thumbnails/DALLE2023-06-2013.41.01-dobladoracnc.png","width":150,"height":150},"usages":["5206416"]},{"id":"user-image-DALLE2023-06-2013.01.42-ingenieriaelectrica.png","fileName":"DALLE2023-06-2013.01.42-ingenieriaelectrica.png","name":"DALLE2023-06-2013.01.42-ingenieriaelectrica","publicUrl":"https://assets.nicepagecdn.com/5a217cfd/5206382/images/DALLE2023-06-2013.01.42-ingenieriaelectrica.png","size":1870932,"hash":"B0cVAP3V0xFhElU9YWUz/dIXoJk=","width":1024,"height":1024,"folderId":null,"thumbnail":{"url":"https://assets.nicepagecdn.com/5a217cfd/5206382/images/thumbnails/DALLE2023-06-2013.01.42-ingenieriaelectrica.png","width":150,"height":150},"usages":["5206416"]},{"id":"user-image-DALLE2023-06-2012.53.24-diseodetableroselectricosenautocad.png","fileName":"DALLE2023-06-2012.53.24-diseodetableroselectricosenautocad.png","name":"DALLE2023-06-2012.53.24-diseodetableroselectricosenautocad","publicUrl":"https://assets.nicepagecdn.com/5a217cfd/5206382/images/DALLE2023-06-2012.53.24-diseodetableroselectricosenautocad.png","size":1563448,"hash":"21XzkfPBXFiTuQr+6nqgXX9Nq4U=","width":1024,"height":1024,"folderId":null,"thumbnail":{"url":"https://assets.nicepagecdn.com/5a217cfd/5206382/images/thumbnails/DALLE2023-06-2012.53.24-diseodetableroselectricosenautocad.png","width":150,"height":150},"usages":["5206416"]},{"id":"user-image-2560px-ABB_logo.svg.png","fileName":"2560px-ABB_logo.svg.png","name":"2560px-ABB_logo.svg","publicUrl":"https://assets.nicepagecdn.com/5a217cfd/5206382/images/2560px-ABB_logo.svg.png","size":41945,"hash":"aNI4YdV6/a9xAxjjtJj0yTB72gY=","width":2560,"height":1018,"folderId":null,"thumbnail":{"url":"https://assets.nicepagecdn.com/5a217cfd/5206382/images/thumbnails/2560px-ABB_logo.svg.png","width":150,"height":60},"usages":["5206416"]},{"id":"user-image-Siemens-Logo.png","fileName":"Siemens-Logo.png","name":"Siemens-Logo","publicUrl":"https://assets.nicepagecdn.com/5a217cfd/5206382/images/Siemens-Logo.png","size":17433,"hash":"xBjs7V/I2BHPnqne9lJ4OaVnmUU=","width":1280,"height":720,"folderId":null,"thumbnail":{"url":"https://assets.nicepagecdn.com/5a217cfd/5206382/images/thumbnails/Siemens-Logo.png","width":150,"height":84},"usages":["5206416"]},{"id":"user-image-Imagen6.png","fileName":"Imagen6.png","name":"Imagen6","publicUrl":"https://assets.nicepagecdn.com/5a217cfd/5206382/images/Imagen6.png","size":618281,"hash":"Zgl+XVBh6iH2gR6Ot9ycTqan8bU=","width":1920,"height":1691,"folderId":null,"thumbnail":{"url":"https://assets.nicepagecdn.com/5a217cfd/5206382/images/thumbnails/Imagen6.png","width":150,"height":132},"usages":[]},{"id":"user-image-Imagen5.png","fileName":"Imagen5.png","name":"Imagen5","publicUrl":"https://assets.nicepagecdn.com/5a217cfd/5206382/images/Imagen5.png","size":3833753,"hash":"shoLgVlEP4SvOhaLXDJwjjiVXIw=","width":1588,"height":1277,"folderId":null,"thumbnail":{"url":"https://assets.nicepagecdn.com/5a217cfd/5206382/images/thumbnails/Imagen5.png","width":150,"height":121},"usages":[]},{"id":"user-image-DALLE2023-06-2011.37.34-electromecanica.png","fileName":"DALLE2023-06-2011.37.34-electromecanica.png","name":"DALLE2023-06-2011.37.34-electromecanica","publicUrl":"https://assets.nicepagecdn.com/5a217cfd/5206382/images/DALLE2023-06-2011.37.34-electromecanica.png","size":1760022,"hash":"o//3rErTaSCJirbwqnhIQ3+gZP8=","width":1024,"height":1024,"folderId":null,"thumbnail":{"url":"https://assets.nicepagecdn.com/5a217cfd/5206382/images/thumbnails/DALLE2023-06-2011.37.34-electromecanica.png","width":150,"height":150},"usages":[]},{"id":"user-image-logo_navegacio.png","fileName":"logo_navegacio.png","name":"logo_navegacio","publicUrl":"https://assets.nicepagecdn.com/5a217cfd/5206382/images/logo_navegacio.png","size":49022,"hash":"L5CoPvXiSHaobTZJn1S+Z7SUlTk=","width":1920,"height":637,"folderId":null,"thumbnail":{"url":"https://assets.nicepagecdn.com/5a217cfd/5206382/images/thumbnails/logo_navegacio.png","width":150,"height":50},"usages":[]}]