[{"id":"user-image-DALLE2023-06-2013.01.42-ingenieriaelectrica.png","publicUrl":"np://user.desktop.nicepage.com/Site_887208405/images/DALLE2023-06-2013.01.42-ingenieriaelectrica.png","size":1870932,"fileName":"DALLE2023-06-2013.01.42-ingenieriaelectrica.png","name":"DALLE2023-06-2013.01.42-ingenieriaelectrica","width":1024,"height":1024,"thumbnail":{"url":"np://user.desktop.nicepage.com/Site_887208405/images/thumbnails/DALLE2023-06-2013.01.42-ingenieriaelectrica.png","width":250,"height":250},"usages":[]},{"id":"user-image-1.jpg","publicUrl":"np://user.desktop.nicepage.com/Site_887208405/images/1.jpg","size":11740,"fileName":"1.jpg","name":"1","width":437,"height":230,"thumbnail":{"url":"np://user.desktop.nicepage.com/Site_887208405/images/thumbnails/1.jpg","width":250,"height":132},"usages":["5213832"]},{"id":"user-image-11.png","publicUrl":"np://user.desktop.nicepage.com/Site_887208405/images/11.png","size":48840,"fileName":"11.png","name":"11","width":370,"height":240,"thumbnail":{"url":"np://user.desktop.nicepage.com/Site_887208405/images/thumbnails/11.png","width":250,"height":162},"usages":["5213832"]},{"id":"user-image-12.jpeg","publicUrl":"np://user.desktop.nicepage.com/Site_887208405/images/12.jpeg","size":13075,"fileName":"12.jpeg","name":"12","width":333,"height":333,"thumbnail":{"url":"np://user.desktop.nicepage.com/Site_887208405/images/thumbnails/12.jpeg","width":250,"height":250},"usages":["5213832"]},{"id":"user-image-13.png","publicUrl":"np://user.desktop.nicepage.com/Site_887208405/images/13.png","size":161500,"fileName":"13.png","name":"13","width":1024,"height":501,"thumbnail":{"url":"np://user.desktop.nicepage.com/Site_887208405/images/thumbnails/13.png","width":250,"height":122},"usages":["5213832"]},{"id":"user-image-14.png","publicUrl":"np://user.desktop.nicepage.com/Site_887208405/images/14.png","size":7463,"fileName":"14.png","name":"14","width":399,"height":126,"thumbnail":{"url":"np://user.desktop.nicepage.com/Site_887208405/images/thumbnails/14.png","width":250,"height":79},"usages":["5213832"]},{"id":"user-image-15.jpg","publicUrl":"np://user.desktop.nicepage.com/Site_887208405/images/15.jpg","size":5285,"fileName":"15.jpg","name":"15","width":220,"height":159,"thumbnail":{"url":"np://user.desktop.nicepage.com/Site_887208405/images/thumbnails/15.jpg","width":220,"height":159,"length":5285},"usages":["5213832"]},{"id":"user-image-17.png","publicUrl":"np://user.desktop.nicepage.com/Site_887208405/images/17.png","size":16636,"fileName":"17.png","name":"17","width":300,"height":86,"thumbnail":{"url":"np://user.desktop.nicepage.com/Site_887208405/images/thumbnails/17.png","width":250,"height":72},"usages":["5213832"]},{"id":"user-image-16.png","publicUrl":"np://user.desktop.nicepage.com/Site_887208405/images/16.png","size":6311,"fileName":"16.png","name":"16","width":369,"height":136,"thumbnail":{"url":"np://user.desktop.nicepage.com/Site_887208405/images/thumbnails/16.png","width":250,"height":92},"usages":["5213832"]},{"id":"user-image-18.jpg","publicUrl":"np://user.desktop.nicepage.com/Site_887208405/images/18.jpg","size":18794,"fileName":"18.jpg","name":"18","width":400,"height":400,"thumbnail":{"url":"np://user.desktop.nicepage.com/Site_887208405/images/thumbnails/18.jpg","width":250,"height":250},"usages":["5213832"]},{"id":"user-image-19.png","publicUrl":"np://user.desktop.nicepage.com/Site_887208405/images/19.png","size":6071,"fileName":"19.png","name":"19","width":436,"height":110,"thumbnail":{"url":"np://user.desktop.nicepage.com/Site_887208405/images/thumbnails/19.png","width":250,"height":63},"usages":["5213832"]},{"id":"user-image-2.png","publicUrl":"np://user.desktop.nicepage.com/Site_887208405/images/2.png","size":40942,"fileName":"2.png","name":"2","width":971,"height":510,"thumbnail":{"url":"np://user.desktop.nicepage.com/Site_887208405/images/thumbnails/2.png","width":250,"height":131},"usages":["5213832"]},{"id":"user-image-20.png","publicUrl":"np://user.desktop.nicepage.com/Site_887208405/images/20.png","size":45332,"fileName":"20.png","name":"20","width":2560,"height":338,"thumbnail":{"url":"np://user.desktop.nicepage.com/Site_887208405/images/thumbnails/20.png","width":250,"height":33},"usages":["5213832"]},{"id":"user-image-21.png","publicUrl":"np://user.desktop.nicepage.com/Site_887208405/images/21.png","size":6920,"fileName":"21.png","name":"21","width":642,"height":164,"thumbnail":{"url":"np://user.desktop.nicepage.com/Site_887208405/images/thumbnails/21.png","width":250,"height":64},"usages":["5213832"]},{"id":"user-image-22.png","publicUrl":"np://user.desktop.nicepage.com/Site_887208405/images/22.png","size":4897,"fileName":"22.png","name":"22","width":242,"height":92,"thumbnail":{"url":"np://user.desktop.nicepage.com/Site_887208405/images/thumbnails/22.png","width":242,"height":92,"length":4897},"usages":["5213832"]},{"id":"user-image-23.png","publicUrl":"np://user.desktop.nicepage.com/Site_887208405/images/23.png","size":12581,"fileName":"23.png","name":"23","width":623,"height":222,"thumbnail":{"url":"np://user.desktop.nicepage.com/Site_887208405/images/thumbnails/23.png","width":250,"height":89},"usages":["5213832"]},{"id":"user-image-24.png","publicUrl":"np://user.desktop.nicepage.com/Site_887208405/images/24.png","size":66122,"fileName":"24.png","name":"24","width":1200,"height":562,"thumbnail":{"url":"np://user.desktop.nicepage.com/Site_887208405/images/thumbnails/24.png","width":250,"height":117},"usages":["5213832"]},{"id":"user-image-25.webp","publicUrl":"np://user.desktop.nicepage.com/Site_887208405/images/25.webp","size":15714,"fileName":"25.webp","name":"25","width":300,"height":246,"thumbnail":{"url":"np://user.desktop.nicepage.com/Site_887208405/images/25.webp","width":250,"height":205},"usages":["5213832"]},{"id":"user-image-2560px-ABB_logo.svg.png","publicUrl":"np://user.desktop.nicepage.com/Site_887208405/images/2560px-ABB_logo.svg.png","size":41945,"fileName":"2560px-ABB_logo.svg.png","name":"2560px-ABB_logo.svg","width":2560,"height":1018,"thumbnail":{"url":"np://user.desktop.nicepage.com/Site_887208405/images/thumbnails/2560px-ABB_logo.svg.png","width":250,"height":99},"usages":[]},{"id":"user-image-26.png","publicUrl":"np://user.desktop.nicepage.com/Site_887208405/images/26.png","size":6674,"fileName":"26.png","name":"26","width":640,"height":336,"thumbnail":{"url":"np://user.desktop.nicepage.com/Site_887208405/images/thumbnails/26.png","width":250,"height":131},"usages":["5213832"]},{"id":"user-image-27.jpeg","publicUrl":"np://user.desktop.nicepage.com/Site_887208405/images/27.jpeg","size":5172,"fileName":"27.jpeg","name":"27","width":422,"height":119,"thumbnail":{"url":"np://user.desktop.nicepage.com/Site_887208405/images/thumbnails/27.jpeg","width":250,"height":70},"usages":["5213832"]},{"id":"user-image-3.jpg","publicUrl":"np://user.desktop.nicepage.com/Site_887208405/images/3.jpg","size":16463,"fileName":"3.jpg","name":"3","width":449,"height":309,"thumbnail":{"url":"np://user.desktop.nicepage.com/Site_887208405/images/thumbnails/3.jpg","width":250,"height":172},"usages":["5213832"]},{"id":"user-image-30.jpg","publicUrl":"np://user.desktop.nicepage.com/Site_887208405/images/30.jpg","size":26877,"fileName":"30.jpg","name":"30","width":1920,"height":1080,"thumbnail":{"url":"np://user.desktop.nicepage.com/Site_887208405/images/thumbnails/30.jpg","width":250,"height":141},"usages":["5213832"]},{"id":"user-image-33.png","publicUrl":"np://user.desktop.nicepage.com/Site_887208405/images/33.png","size":25515,"fileName":"33.png","name":"33","width":630,"height":332,"thumbnail":{"url":"np://user.desktop.nicepage.com/Site_887208405/images/thumbnails/33.png","width":250,"height":132},"usages":["5213832"]},{"id":"user-image-34.png","publicUrl":"np://user.desktop.nicepage.com/Site_887208405/images/34.png","size":113465,"fileName":"34.png","name":"34","width":1180,"height":537,"thumbnail":{"url":"np://user.desktop.nicepage.com/Site_887208405/images/thumbnails/34.png","width":250,"height":114},"usages":["5213832"]},{"id":"user-image-35.jpg","publicUrl":"np://user.desktop.nicepage.com/Site_887208405/images/35.jpg","size":31902,"fileName":"35.jpg","name":"35","width":450,"height":340,"thumbnail":{"url":"np://user.desktop.nicepage.com/Site_887208405/images/thumbnails/35.jpg","width":250,"height":189},"usages":["5213832"]},{"id":"user-image-36.jpeg","publicUrl":"np://user.desktop.nicepage.com/Site_887208405/images/36.jpeg","size":4386,"fileName":"36.jpeg","name":"36","width":300,"height":144,"thumbnail":{"url":"np://user.desktop.nicepage.com/Site_887208405/images/thumbnails/36.jpeg","width":250,"height":120},"usages":["5213832"]},{"id":"user-image-37.png","publicUrl":"np://user.desktop.nicepage.com/Site_887208405/images/37.png","size":11885,"fileName":"37.png","name":"37","width":500,"height":138,"thumbnail":{"url":"np://user.desktop.nicepage.com/Site_887208405/images/thumbnails/37.png","width":250,"height":69},"usages":["5213832"]},{"id":"user-image-39.jpg","publicUrl":"np://user.desktop.nicepage.com/Site_887208405/images/39.jpg","size":34315,"fileName":"39.jpg","name":"39","width":1080,"height":1080,"thumbnail":{"url":"np://user.desktop.nicepage.com/Site_887208405/images/thumbnails/39.jpg","width":250,"height":250},"usages":["5213832"]},{"id":"user-image-4.png","publicUrl":"np://user.desktop.nicepage.com/Site_887208405/images/4.png","size":21266,"fileName":"4.png","name":"4","width":370,"height":240,"thumbnail":{"url":"np://user.desktop.nicepage.com/Site_887208405/images/thumbnails/4.png","width":250,"height":162},"usages":["5213832"]},{"id":"user-image-40.png","publicUrl":"np://user.desktop.nicepage.com/Site_887208405/images/40.png","size":17813,"fileName":"40.png","name":"40","width":248,"height":120,"thumbnail":{"url":"np://user.desktop.nicepage.com/Site_887208405/images/thumbnails/40.png","width":248,"height":120,"length":17813},"usages":["5213832"]},{"id":"user-image-41O6GADH6uL.jpg","publicUrl":"np://user.desktop.nicepage.com/Site_887208405/images/41O6GADH6uL.jpg","size":23269,"fileName":"41O6GADH6uL.jpg","name":"41O6GADH6uL","width":500,"height":500,"thumbnail":{"url":"np://user.desktop.nicepage.com/Site_887208405/images/thumbnails/41O6GADH6uL.jpg","width":250,"height":250},"usages":[]},{"id":"user-image-logo_navegacio.png","publicUrl":"np://user.desktop.nicepage.com/Site_887208405/images/logo_navegacio.png","size":49022,"fileName":"logo_navegacio.png","name":"logo_navegacio","width":1920,"height":637,"thumbnail":{"url":"np://user.desktop.nicepage.com/Site_887208405/images/thumbnails/logo_navegacio.png","width":250,"height":83},"usages":[]},{"id":"user-image-5.png","publicUrl":"np://user.desktop.nicepage.com/Site_887208405/images/5.png","size":55783,"fileName":"5.png","name":"5","width":700,"height":387,"thumbnail":{"url":"np://user.desktop.nicepage.com/Site_887208405/images/thumbnails/5.png","width":250,"height":138},"usages":["5213832"]},{"id":"user-image-6.jpeg","publicUrl":"np://user.desktop.nicepage.com/Site_887208405/images/6.jpeg","size":8789,"fileName":"6.jpeg","name":"6","width":353,"height":143,"thumbnail":{"url":"np://user.desktop.nicepage.com/Site_887208405/images/thumbnails/6.jpeg","width":250,"height":101},"usages":["5213832"]},{"id":"user-image-65518dd6-c42b-4eea-b513-43ef7b0da629.jpg","publicUrl":"np://user.desktop.nicepage.com/Site_887208405/images/65518dd6-c42b-4eea-b513-43ef7b0da629.jpg","size":62469,"fileName":"65518dd6-c42b-4eea-b513-43ef7b0da629.jpg","name":"65518dd6-c42b-4eea-b513-43ef7b0da629","width":900,"height":617,"thumbnail":{"url":"np://user.desktop.nicepage.com/Site_887208405/images/thumbnails/65518dd6-c42b-4eea-b513-43ef7b0da629.jpg","width":250,"height":171},"usages":[]},{"id":"user-image-7.webp","publicUrl":"np://user.desktop.nicepage.com/Site_887208405/images/7.webp","size":4906,"fileName":"7.webp","name":"7","width":358,"height":120,"thumbnail":{"url":"np://user.desktop.nicepage.com/Site_887208405/images/7.webp","width":250,"height":84},"usages":["5213832"]},{"id":"user-image-8.png","publicUrl":"np://user.desktop.nicepage.com/Site_887208405/images/8.png","size":11674,"fileName":"8.png","name":"8","width":207,"height":80,"thumbnail":{"url":"np://user.desktop.nicepage.com/Site_887208405/images/thumbnails/8.png","width":207,"height":80,"length":11674},"usages":["5213832"]},{"id":"user-image-88d09284-1531-4480-b2c9-35ea820b06ae.png","publicUrl":"np://user.desktop.nicepage.com/Site_887208405/images/88d09284-1531-4480-b2c9-35ea820b06ae.png","size":889791,"fileName":"88d09284-1531-4480-b2c9-35ea820b06ae.png","name":"88d09284-1531-4480-b2c9-35ea820b06ae","width":1080,"height":1080,"thumbnail":{"url":"np://user.desktop.nicepage.com/Site_887208405/images/thumbnails/88d09284-1531-4480-b2c9-35ea820b06ae.png","width":250,"height":250},"usages":[]},{"id":"user-image-DALLE2023-06-2012.53.24-diseodetableroselectricosenautocad.png","publicUrl":"np://user.desktop.nicepage.com/Site_887208405/images/DALLE2023-06-2012.53.24-diseodetableroselectricosenautocad.png","size":1563448,"fileName":"DALLE2023-06-2012.53.24-diseodetableroselectricosenautocad.png","name":"DALLE2023-06-2012.53.24-diseodetableroselectricosenautocad","width":1024,"height":1024,"thumbnail":{"url":"np://user.desktop.nicepage.com/Site_887208405/images/thumbnails/DALLE2023-06-2012.53.24-diseodetableroselectricosenautocad.png","width":250,"height":250},"usages":[]},{"id":"user-image-10.jpeg","publicUrl":"np://user.desktop.nicepage.com/Site_887208405/images/10.jpeg","size":7325,"fileName":"10.jpeg","name":"10","width":406,"height":124,"thumbnail":{"url":"np://user.desktop.nicepage.com/Site_887208405/images/thumbnails/10.jpeg","width":250,"height":76},"usages":["5213832"]},{"id":"user-image-DALLE2023-06-2013.41.01-dobladoracnc.png","publicUrl":"np://user.desktop.nicepage.com/Site_887208405/images/DALLE2023-06-2013.41.01-dobladoracnc.png","size":1737947,"fileName":"DALLE2023-06-2013.41.01-dobladoracnc.png","name":"DALLE2023-06-2013.41.01-dobladoracnc","width":1024,"height":1024,"thumbnail":{"url":"np://user.desktop.nicepage.com/Site_887208405/images/thumbnails/DALLE2023-06-2013.41.01-dobladoracnc.png","width":250,"height":250},"usages":[]},{"id":"user-image-Imagen14.jpg","publicUrl":"np://user.desktop.nicepage.com/Site_887208405/images/Imagen14.jpg","size":363555,"fileName":"Imagen14.jpg","name":"Imagen14","width":2108,"height":1075,"thumbnail":{"url":"np://user.desktop.nicepage.com/Site_887208405/images/thumbnails/Imagen14.jpg","width":250,"height":127},"usages":[]},{"id":"user-image-Imagen192.png","publicUrl":"np://user.desktop.nicepage.com/Site_887208405/images/Imagen192.png","size":3934397,"fileName":"Imagen192.png","name":"Imagen192","width":2862,"height":1142,"thumbnail":{"url":"np://user.desktop.nicepage.com/Site_887208405/images/thumbnails/Imagen192.png","width":250,"height":100},"usages":["5213832"]},{"id":"user-image-Imagen202.png","publicUrl":"np://user.desktop.nicepage.com/Site_887208405/images/Imagen202.png","size":4238939,"fileName":"Imagen202.png","name":"Imagen202","width":2514,"height":1077,"thumbnail":{"url":"np://user.desktop.nicepage.com/Site_887208405/images/thumbnails/Imagen202.png","width":250,"height":107},"usages":["5213832"]},{"id":"user-image-Imagen212.png","publicUrl":"np://user.desktop.nicepage.com/Site_887208405/images/Imagen212.png","size":2542217,"fileName":"Imagen212.png","name":"Imagen212","width":3008,"height":947,"thumbnail":{"url":"np://user.desktop.nicepage.com/Site_887208405/images/thumbnails/Imagen212.png","width":250,"height":79},"usages":["5213832"]},{"id":"user-image-Imagen222.png","publicUrl":"np://user.desktop.nicepage.com/Site_887208405/images/Imagen222.png","size":3715160,"fileName":"Imagen222.png","name":"Imagen222","width":2152,"height":1589,"thumbnail":{"url":"np://user.desktop.nicepage.com/Site_887208405/images/thumbnails/Imagen222.png","width":250,"height":185},"usages":["5213832"]},{"id":"user-image-Imagen232.png","publicUrl":"np://user.desktop.nicepage.com/Site_887208405/images/Imagen232.png","size":4140377,"fileName":"Imagen232.png","name":"Imagen232","width":2292,"height":1756,"thumbnail":{"url":"np://user.desktop.nicepage.com/Site_887208405/images/thumbnails/Imagen232.png","width":250,"height":192},"usages":["5213832"]},{"id":"user-image-Imagen242.png","publicUrl":"np://user.desktop.nicepage.com/Site_887208405/images/Imagen242.png","size":5221830,"fileName":"Imagen242.png","name":"Imagen242","width":2974,"height":1662,"thumbnail":{"url":"np://user.desktop.nicepage.com/Site_887208405/images/thumbnails/Imagen242.png","width":250,"height":140},"usages":["5213832"]},{"id":"user-image-Imagen252.png","publicUrl":"np://user.desktop.nicepage.com/Site_887208405/images/Imagen252.png","size":3833880,"fileName":"Imagen252.png","name":"Imagen252","width":2208,"height":1900,"thumbnail":{"url":"np://user.desktop.nicepage.com/Site_887208405/images/thumbnails/Imagen252.png","width":250,"height":215},"usages":["5213832"]},{"id":"user-image-Imagen262.png","publicUrl":"np://user.desktop.nicepage.com/Site_887208405/images/Imagen262.png","size":3588627,"fileName":"Imagen262.png","name":"Imagen262","width":1353,"height":1816,"thumbnail":{"url":"np://user.desktop.nicepage.com/Site_887208405/images/thumbnails/Imagen262.png","width":186,"height":250},"usages":[]},{"id":"user-image-Imagen7.jpg","publicUrl":"np://user.desktop.nicepage.com/Site_887208405/images/Imagen7.jpg","size":194042,"fileName":"Imagen7.jpg","name":"Imagen7","width":1005,"height":658,"thumbnail":{"url":"np://user.desktop.nicepage.com/Site_887208405/images/thumbnails/Imagen7.jpg","width":250,"height":164},"usages":[]},{"id":"user-image-MediayBajaTensinInchiB.png","publicUrl":"np://user.desktop.nicepage.com/Site_887208405/images/MediayBajaTensinInchiB.png","size":2179917,"fileName":"MediayBajaTensinInchiB.png","name":"MediayBajaTensinInchiB","width":2642,"height":1707,"thumbnail":{"url":"np://user.desktop.nicepage.com/Site_887208405/images/thumbnails/MediayBajaTensinInchiB.png","width":250,"height":162},"usages":["5213832"]},{"id":"user-image-Siemens-Logo.png","publicUrl":"np://user.desktop.nicepage.com/Site_887208405/images/Siemens-Logo.png","size":17433,"fileName":"Siemens-Logo.png","name":"Siemens-Logo","width":1280,"height":720,"thumbnail":{"url":"np://user.desktop.nicepage.com/Site_887208405/images/thumbnails/Siemens-Logo.png","width":250,"height":141},"usages":[]},{"id":"user-image-a3a751d46f9e92174a2e92db6c6dea1207c73919e81204068739bd9d09dc3b08a56c5b5ac0b63ed176c65114b6906470cc13235e070c30982f5f4a_1280.jpg","publicUrl":"np://user.desktop.nicepage.com/Site_887208405/images/a3a751d46f9e92174a2e92db6c6dea1207c73919e81204068739bd9d09dc3b08a56c5b5ac0b63ed176c65114b6906470cc13235e070c30982f5f4a_1280.jpg","size":240278,"fileName":"a3a751d46f9e92174a2e92db6c6dea1207c73919e81204068739bd9d09dc3b08a56c5b5ac0b63ed176c65114b6906470cc13235e070c30982f5f4a_1280.jpg","name":"a3a751d46f9e92174a2e92db6c6dea1207c73919e81204068739bd9d09dc3b08a56c5b5ac0b63ed176c65114b6906470cc13235e070c30982f5f4a_1280","width":1280,"height":853,"thumbnail":{"url":"np://user.desktop.nicepage.com/Site_887208405/images/thumbnails/a3a751d46f9e92174a2e92db6c6dea1207c73919e81204068739bd9d09dc3b08a56c5b5ac0b63ed176c65114b6906470cc13235e070c30982f5f4a_1280.jpg","width":250,"height":167},"usages":[]},{"id":"user-image-abb-1sfa898107r7000-nfs.webp","publicUrl":"np://user.desktop.nicepage.com/Site_887208405/images/abb-1sfa898107r7000-nfs.webp","size":11071,"fileName":"abb-1sfa898107r7000-nfs.webp","name":"abb-1sfa898107r7000-nfs","width":800,"height":800,"thumbnail":{"url":"np://user.desktop.nicepage.com/Site_887208405/images/abb-1sfa898107r7000-nfs.webp","width":250,"height":250},"usages":[]},{"id":"user-image-allen-logo.png","publicUrl":"np://user.desktop.nicepage.com/Site_887208405/images/allen-logo.png","size":41703,"fileName":"allen-logo.png","name":"allen-logo","width":466,"height":239,"thumbnail":{"url":"np://user.desktop.nicepage.com/Site_887208405/images/thumbnails/allen-logo.png","width":250,"height":128},"usages":[]},{"id":"user-image-g.jpg","publicUrl":"np://user.desktop.nicepage.com/Site_887208405/images/g.jpg","size":69112,"fileName":"g.jpg","name":"g","width":1980,"height":1077,"thumbnail":{"url":"np://user.desktop.nicepage.com/Site_887208405/images/thumbnails/g.jpg","width":250,"height":136},"usages":[]},{"id":"user-image-favicon.jpg","publicUrl":"np://user.desktop.nicepage.com/Site_887208405/images/favicon.jpg","size":33186,"fileName":"favicon.jpg","name":"favicon","width":302,"height":312,"thumbnail":{"url":"np://user.desktop.nicepage.com/Site_887208405/images/thumbnails/favicon.jpg","width":242,"height":250},"usages":[]},{"id":"user-image-481127.png","publicUrl":"np://user.desktop.nicepage.com/Site_887208405/images/481127.png","size":958,"fileName":"481127.png","name":"481127","width":128,"height":128,"thumbnail":{"url":"np://user.desktop.nicepage.com/Site_887208405/images/thumbnails/481127.png","width":128,"height":128,"length":958},"usages":[]}]