{"id":19435947,"isReadOnly":false,"metaTags":null,"order":"0","headHtml":null,"customCss":null,"headerHtml":"<section class=\"u-clearfix u-header u-sticky u-sticky-1c30 u-valign-bottom-lg u-valign-bottom-md u-white u-block-1c30-26\" custom-posts-hash=\"[]\" data-style=\"header-imglogo-menu\" data-post-id=\"post2\" data-section-properties=\"{&quot;grid-spacing&quot;:&quot;0&quot;,&quot;align&quot;:&quot;left&quot;,&quot;stretch&quot;:true}\" id=\"sec-e2e7\" data-source=\"\" data-id=\"1c30\">\n  \n  <style data-mode=\"XL\" wfd-invisible=\"true\" data-visited=\"true\">@media (max-width: 1399px) and (min-width: 1200px){ .u-block-1c30-26 {background-image: none; min-height: 115px}\n.u-block-1c30-8 {width: 338.612px; height: 112.35px; margin-top: 0.975px; margin-right: auto; margin-bottom: 0px; margin-left: 0px}\n.u-block-1c30-10 {width: 100%; height: 100%}\n.u-block-1c30-11 {margin-top: -69.7001px; margin-right: calc(((100% - 1140px) / 2) + 180px); margin-bottom: 0px; margin-left: auto}\n.u-block-1c30-23 {font-weight: 700; font-size: 1.125rem; text-transform: uppercase; letter-spacing: normal}\n.u-block-1c30-16 {font-size: 1.25rem}\n.u-block-1c30-31 {margin-top: -58.275px; margin-bottom: 16.5876px; width: 80px; height: auto; min-height: 71.7125px; margin-left: calc(((100% - 1140px) / 2) + 1060.02px)} }</style><style data-mode=\"XXL\" wfd-invisible=\"true\" data-visited=\"true\">@media (min-width: 1400px){ .u-block-1c30-26 {background-image: none; min-height: 115px}\n.u-block-1c30-8 {width: 338.612px; height: 112.35px; margin-top: 0.975px; margin-right: auto; margin-bottom: 0px; margin-left: 0px}\n.u-block-1c30-10 {width: 100%; height: 100%}\n.u-block-1c30-11 {margin-top: -69.7001px; margin-right: calc(((100% - 1320px) / 2) + 180.1px); margin-bottom: 0px; margin-left: auto}\n.u-block-1c30-23 {font-weight: 700; font-size: 1.125rem; text-transform: uppercase; letter-spacing: normal}\n.u-block-1c30-16 {font-size: 1.25rem}\n.u-block-1c30-31 {margin-top: -56.6625px; margin-bottom: 14.975px; width: 79.9749px; height: auto; min-height: 71.7125px; margin-left: calc(((100% - 1320px) / 2) + 1158.58px)} }</style>\n  <style data-mode=\"LG\" wfd-invisible=\"true\" data-visited=\"true\">@media (max-width: 1199px) and (min-width: 992px){ .u-block-1c30-26 {background-image: none; min-height: 89px}\n.u-block-1c30-8 {width: 181.969px; height: 60.3594px; margin-top: 19.1875px; margin-right: auto; margin-bottom: 0px; margin-left: 0px}\n.u-block-1c30-10 {width: 100%; height: 100%}\n.u-block-1c30-11 {width: auto; margin-top: -46.7875px; margin-right: calc(((100% - 800px) / 2) + 180px); margin-bottom: 0px; margin-left: auto}\n.u-block-1c30-23 {font-size: 0.75rem; letter-spacing: normal; text-transform: uppercase; font-weight: 700}\n.u-block-1c30-16 {font-size: 1.25rem}\n.u-block-1c30-31 {margin-top: -26.1876px; margin-bottom: 0px; width: 50px; height: auto; min-height: 46.775px; margin-left: calc(((100% - 800px) / 2) + 750px)} }</style>\n  <style data-mode=\"MD\" wfd-invisible=\"true\" data-visited=\"true\">@media (max-width: 991px) and (min-width: 768px){ .u-block-1c30-26 {background-image: none; min-height: 96px}\n.u-block-1c30-8 {width: 182px; height: 60.3594px; margin-top: 19.1875px; margin-right: auto; margin-bottom: 0px; margin-left: 0px}\n.u-block-1c30-10 {width: 100%; height: 100%}\n.u-block-1c30-11 {width: auto; margin-top: -47px; margin-right: calc(((100% - 600px) / 2) + 180px); margin-bottom: 0px; margin-left: auto}\n.u-block-1c30-23 {font-size: 0.75rem; letter-spacing: normal; text-transform: uppercase; font-weight: 700}\n.u-block-1c30-16 {font-size: 1.25rem}\n.u-block-1c30-31 {margin-top: -26px; width: 50px; height: auto; min-height: 46.775px; margin-left: calc(((100% - 600px) / 2) + 476.45px); margin-bottom: 0px} }</style>\n  <style data-mode=\"SM\" wfd-invisible=\"true\" data-visited=\"true\">@media (max-width: 767px) and (min-width: 576px){ .u-block-1c30-26 {background-image: none; min-height: 97px}\n.u-block-1c30-8 {width: 200.5px; height: 66.5625px; margin-top: 27.1875px; margin-right: auto; margin-bottom: 0px; margin-left: 0px}\n.u-block-1c30-10 {width: 100%; height: 100%}\n.u-block-1c30-11 {width: auto; margin-top: -47px; margin-right: calc(((100% - 500px) / 2) + 150px); margin-bottom: 0px; margin-left: auto}\n.u-block-1c30-23 {font-weight: 700; font-size: 0.75rem; text-transform: uppercase; letter-spacing: normal}\n.u-block-1c30-16 {font-size: 1.25rem}\n.u-block-1c30-31 {margin-top: -52.1875px; margin-bottom: 13.35px; width: 57.0625px; height: auto; min-height: 61.15px; margin-left: calc(((100% - 500px) / 2) + 370.1px)} }</style>\n  <style data-mode=\"XS\" wfd-invisible=\"true\" data-visited=\"true\">@media (max-width: 575px){ .u-block-1c30-26 {background-image: none; min-height: 67px}\n.u-block-1c30-8 {width: 173.6px; height: 57.6px; margin-top: 4.6px; margin-right: auto; margin-bottom: 0px; margin-left: calc(((100% - 250px) / 2) + -48.6001px)}\n.u-block-1c30-10 {width: 100%; height: 100%}\n.u-block-1c30-11 {width: auto; margin-top: -48.7001px; margin-right: calc(((100% - 250px) / 2) + -37.85px); margin-bottom: 0px; margin-left: auto}\n.u-block-1c30-23 {font-weight: 700; font-size: 0.75rem; text-transform: uppercase; letter-spacing: normal}\n.u-block-1c30-16 {font-size: 1.25rem}\n.u-block-1c30-31 {margin-top: 0px; margin-bottom: 0px; width: 29.275px; height: auto; min-height: 25.4px; margin-left: calc(((100% - 250px) / 2) + 194.725px)} }</style>\n<style class=\"u-sticky-style\" data-style-id=\"1c30\">.u-sticky-fixed.u-sticky-1c30, .u-body.u-sticky-fixed .u-sticky-1c30 {\nbox-shadow: 2px 2px 8px 0px rgba(var(--grey-50-r),var(--grey-50-g),var(--grey-50-b),1) !important\n}</style><a href=\"#\" class=\"u-image u-logo u-block-1c30-8\" data-brightness=\"\" data-image-width=\"1920\" data-image-height=\"637\" data-href=\"5225608\">\n      <img src=\"np://user.desktop.nicepage.com/Site_19435947/images/logo_navegacio.png?rand=777f\" class=\"u-logo-image u-block-1c30-10\">\n    </a><nav class=\"u-dropdown-icon u-menu u-menu-hamburger u-offcanvas u-block-1c30-11\" data-responsive-from=\"XXL\" data-submenu-level=\"with-reload\">\n      <div class=\"menu-collapse\" style=\"font-size: 0.75rem; letter-spacing: 0px; text-transform: uppercase; font-weight: 700;\" wfd-invisible=\"true\">\n        <a class=\"u-button-style u-custom-active-border-color u-custom-active-color u-custom-border u-custom-border-color u-custom-borders u-custom-color u-custom-hover-border-color u-custom-hover-color u-custom-left-right-menu-spacing u-custom-padding-bottom u-custom-text-active-color u-custom-text-color u-custom-text-decoration u-custom-text-hover-color u-custom-top-bottom-menu-spacing u-nav-link u-text-active-palette-1-base u-text-hover-palette-2-base\" href=\"#\" style=\"font-size: calc(1em + 8px);\"><svg class=\"u-svg-link\" viewBox=\"0 0 24 24\"><use xmlns:xlink=\"http://www.w3.org/1999/xlink\" xlink:href=\"#menu-hamburger\"></use></svg><svg class=\"u-svg-content\" version=\"1.1\" id=\"menu-hamburger\" viewBox=\"0 0 16 16\" x=\"0px\" y=\"0px\" xmlns:xlink=\"http://www.w3.org/1999/xlink\" xmlns=\"http://www.w3.org/2000/svg\">    <g>        <rect y=\"1\" width=\"16\" height=\"2\"></rect>        <rect y=\"7\" width=\"16\" height=\"2\"></rect>        <rect y=\"13\" width=\"16\" height=\"2\"></rect>    </g></svg></a>\n      </div>\n      <div class=\"u-custom-menu u-nav-container\" wfd-invisible=\"true\">\n        <ul class=\"u-nav u-spacing-2 u-unstyled u-block-1c30-23\"><li class=\"u-nav-item\"><a class=\"u-active-palette-2-base u-border-active-palette-1-base u-border-hover-palette-1-light-1 u-border-no-left u-border-no-right u-border-no-top u-button-style u-hover-palette-2-light-1 u-nav-link u-text-active-white u-text-grey-90 u-text-hover-white\" href=\"INICIO.html\" data-page-id=\"5225608\" style=\"padding: 12px 4px;\">INICIO</a></li><li class=\"u-nav-item\"><a class=\"u-active-palette-2-base u-border-active-palette-1-base u-border-hover-palette-1-light-1 u-border-no-left u-border-no-right u-border-no-top u-button-style u-hover-palette-2-light-1 u-nav-link u-text-active-white u-text-grey-90 u-text-hover-white\" href=\"EMPRESA.html\" data-page-id=\"5225609\" style=\"padding: 12px 4px;\">EMPRESA</a><div class=\"u-nav-popup u-block-1c30-32\"><ul class=\"u-border-1 u-border-palette-2-light-1 u-h-spacing-20 u-nav u-unstyled u-v-spacing-10 u-block-1c30-33\"><li class=\"u-nav-item\"><a class=\"u-active-palette-1-light-3 u-button-style u-hover-palette-2-light-1 u-nav-link u-white\" href=\"CERTIFICACIONES.html\" data-page-id=\"5225606\">CERTIFICACIONES</a></li><li class=\"u-nav-item\"><a class=\"u-active-palette-1-light-3 u-button-style u-hover-palette-2-light-1 u-nav-link u-white\" href=\"LEGAL.html\" data-page-id=\"5225626\">LEGAL</a></li></ul></div></li><li class=\"u-nav-item\"><a class=\"u-active-palette-2-base u-border-active-palette-1-base u-border-hover-palette-1-light-1 u-border-no-left u-border-no-right u-border-no-top u-button-style u-hover-palette-2-light-1 u-nav-link u-text-active-white u-text-grey-90 u-text-hover-white\" href=\"PRODUCTOS.html\" data-page-id=\"5225628\" style=\"padding: 12px 4px;\">PRODUCTOS Y SERVICIOS</a></li><li class=\"u-nav-item\"><a class=\"u-active-palette-2-base u-border-active-palette-1-base u-border-hover-palette-1-light-1 u-border-no-left u-border-no-right u-border-no-top u-button-style u-hover-palette-2-light-1 u-nav-link u-text-active-white u-text-grey-90 u-text-hover-white\" href=\"Proyectos.html\" data-page-id=\"50784213\" style=\"padding: 12px 4px;\">PROYECTOS</a></li><li class=\"u-nav-item\"><a class=\"u-active-palette-2-base u-border-active-palette-1-base u-border-hover-palette-1-light-1 u-border-no-left u-border-no-right u-border-no-top u-button-style u-hover-palette-2-light-1 u-nav-link u-text-active-white u-text-grey-90 u-text-hover-white\" href=\"CONTACTO.html\" data-page-id=\"104340751\" style=\"padding: 12px 4px;\">CONTACTO</a></li></ul>\n      </div>\n      <div class=\"u-custom-menu u-nav-container-collapse\" wfd-invisible=\"true\">\n        <div class=\"u-black u-container-style u-inner-container-layout u-opacity u-opacity-95 u-sidenav u-block-1c30-14\"><div class=\"u-inner-container-layout u-sidenav-overflow\">\n          <div class=\"u-menu-close u-block-1c30-15\"></div>\n          <ul class=\"u-align-center u-nav u-popupmenu-items u-unstyled u-block-1c30-16\"><li class=\"u-nav-item\"><a class=\"u-button-style u-nav-link\" href=\"INICIO.html\" data-page-id=\"5225608\">INICIO</a></li><li class=\"u-nav-item\"><a class=\"u-button-style u-nav-link\" href=\"EMPRESA.html\" data-page-id=\"5225609\">EMPRESA</a><div class=\"u-nav-popup u-block-1c30-34\"><ul class=\"u-border-1 u-border-palette-2-light-1 u-h-spacing-20 u-nav u-unstyled u-v-spacing-10 u-block-1c30-35\"><li class=\"u-nav-item\"><a class=\"u-button-style u-nav-link\" href=\"CERTIFICACIONES.html\" data-page-id=\"5225606\">CERTIFICACIONES</a></li><li class=\"u-nav-item\"><a class=\"u-button-style u-nav-link\" href=\"LEGAL.html\" data-page-id=\"5225626\">LEGAL</a></li></ul></div></li><li class=\"u-nav-item\"><a class=\"u-button-style u-nav-link\" href=\"PRODUCTOS.html\" data-page-id=\"5225628\">PRODUCTOS Y SERVICIOS</a></li><li class=\"u-nav-item\"><a class=\"u-button-style u-nav-link\" href=\"Proyectos.html\" data-page-id=\"50784213\">PROYECTOS</a></li><li class=\"u-nav-item\"><a class=\"u-button-style u-nav-link\" href=\"CONTACTO.html\" data-page-id=\"104340751\">CONTACTO</a></li></ul>\n        </div></div>\n        <div class=\"u-black u-menu-overlay u-opacity u-opacity-35\" wfd-invisible=\"true\"></div>\n      </div>\n    </nav><div class=\"infinite u-clearfix u-custom-html whatsapp u-block-1c30-31\" data-additional-class=\"whatsapp\" data-hover-preset-name=\"\" data-animation-name=\"bounceIn\" data-animation-duration=\"1000\" data-animation-direction=\"\"> <a href=\"https://api.whatsapp.com/send?phone=593993368876&amp;text=Me+gustaría+saber+mas\" class=\"whatsapp-button\" target=\"_blank\" style=\"position: fixed;  right: 15px; bottom: 10px;\">\n          <img src=\"https://i.ibb.co/VgSspjY/whatsapp-button.png\" alt=\"botão whatsapp\">\n          </a> </div></section>","footerHtml":"<section class=\"u-align-center u-clearfix u-footer u-grey-80 u-block-e2c8-1\" custom-posts-hash=\"T\" data-style=\"footer-1-text\" data-post-id=\"post7\" data-section-properties=\"{&quot;grid-spacing&quot;:&quot;30&quot;,&quot;spacingAdditional&quot;:&quot;none&quot;,&quot;align&quot;:&quot;&quot;,&quot;stretch&quot;:true}\" id=\"sec-fdb7\" data-source=\"\" data-id=\"e2c8\">\n  <div class=\"u-clearfix u-sheet u-block-e2c8-2\">\n    <p class=\"u-small-text u-text u-text-variant u-block-e2c8-6\">TCONTROL S.A 2023</p>\n  </div>\n  <style data-mode=\"XL\" wfd-invisible=\"true\" data-visited=\"true\">@media (max-width: 1399px) and (min-width: 1200px){ .u-block-e2c8-1 {background-image: none}\n.u-block-e2c8-2 {min-height: 120px}\n.u-block-e2c8-6 {width: 417px; margin-top: 49px; margin-bottom: 49px; margin-left: auto; margin-right: auto} }</style><style data-mode=\"XXL\" wfd-invisible=\"true\" data-visited=\"true\">@media (min-width: 1400px){ .u-block-e2c8-1 {background-image: none}\n.u-block-e2c8-2 {min-height: 120px}\n.u-block-e2c8-6 {width: 417px; margin-top: 49px; margin-bottom: 49px; margin-left: auto; margin-right: auto} }</style>\n  <style data-mode=\"LG\" wfd-invisible=\"true\">@media (max-width: 1199px) and (min-width: 992px){ .u-block-e2c8-1 {background-image: none}\n.u-block-e2c8-2 {min-height: 99px}\n.u-block-e2c8-6 {width: 417px; margin-top: 49px; margin-bottom: 49px; margin-left: auto; margin-right: auto} }</style>\n  <style data-mode=\"MD\" wfd-invisible=\"true\">@media (max-width: 991px) and (min-width: 768px){ .u-block-e2c8-1 {background-image: none}\n.u-block-e2c8-2 {min-height: 76px}\n.u-block-e2c8-6 {width: 417px; margin-top: 49px; margin-bottom: 49px; margin-left: auto; margin-right: auto} }</style>\n  <style data-mode=\"SM\" wfd-invisible=\"true\">@media (max-width: 767px) and (min-width: 576px){ .u-block-e2c8-1 {background-image: none}\n.u-block-e2c8-2 {min-height: 57px}\n.u-block-e2c8-6 {width: 417px; margin-top: 49px; margin-bottom: 49px; margin-left: auto; margin-right: auto} }</style>\n  <style data-mode=\"XS\" wfd-invisible=\"true\" data-visited=\"true\">@media (max-width: 575px){ .u-block-e2c8-1 {background-image: none}\n.u-block-e2c8-2 {min-height: 120px}\n.u-block-e2c8-6 {width: auto; margin-top: 49px; margin-left: 0px; margin-right: 0px; margin-bottom: 49px} }</style>\n</section>","hideBacklink":null,"homePageId":5225608,"dateUpdated":1688055911680,"settings":"{\"id\":19435947,\"title\":\"TCONTROL\",\"homePageId\":5225608,\"cookiesSection\":\"<section class=\\\"u-align-center u-block-257d-1 u-clearfix u-cookies-consent u-grey-80\\\" custom-posts-hash=\\\"T\\\" style=\\\"background-image: none\\\" data-post-id=\\\"1\\\" data-section-properties=\\\"{&quot;stretch&quot;:true}\\\" data-id=\\\"257d\\\" data-posts-content=\\\"[{'images':[],'maps':[],'videos':[],'icons':[],'textWidth':874,'textHeight':152,'id':1,'headingProp':'h3','textProp':'text'}]\\\" data-style=\\\"cookie-1\\\" id=\\\"sec-459e\\\" data-source=\\\"\\\">\\n  <div class=\\\"u-block-257d-2 u-clearfix u-sheet u-valign-middle\\\" style=\\\"min-height: 212px\\\" data-state=\\\"{&quot;margin-top&quot;:{&quot;shouldApplyDefaultMargins&quot;:{&quot;XL&quot;:false,&quot;LG&quot;:false,&quot;MD&quot;:false,&quot;SM&quot;:false,&quot;XS&quot;:false},&quot;parentVerticalAlign&quot;:{&quot;XL&quot;:&quot;middle&quot;,&quot;LG&quot;:&quot;middle&quot;,&quot;MD&quot;:&quot;middle&quot;,&quot;SM&quot;:&quot;middle&quot;,&quot;XS&quot;:&quot;middle&quot;}},&quot;margin-bottom&quot;:{&quot;shouldApplyDefaultMargins&quot;:{&quot;XL&quot;:false,&quot;LG&quot;:false,&quot;MD&quot;:false,&quot;SM&quot;:false,&quot;XS&quot;:false},&quot;parentVerticalAlign&quot;:{&quot;XL&quot;:&quot;middle&quot;,&quot;LG&quot;:&quot;middle&quot;,&quot;MD&quot;:&quot;middle&quot;,&quot;SM&quot;:&quot;middle&quot;,&quot;XS&quot;:&quot;middle&quot;}}}\\\" data-height-lg=\\\"158\\\" data-height-md=\\\"131\\\" data-height-sm=\\\"106\\\" data-height-xs=\\\"225\\\">\\n    <div class=\\\"u-block-257d-7 u-clearfix u-expanded-width u-layout-wrap\\\" style=\\\"margin-top: 30px; margin-bottom: 30px\\\" data-state=\\\"{&quot;margin-top&quot;:{&quot;shouldApplyDefaultMargins&quot;:{&quot;XL&quot;:false,&quot;LG&quot;:false,&quot;MD&quot;:false,&quot;SM&quot;:true,&quot;XS&quot;:true},&quot;parentVerticalAlign&quot;:{&quot;XL&quot;:&quot;middle&quot;,&quot;LG&quot;:&quot;middle&quot;,&quot;MD&quot;:&quot;middle&quot;,&quot;SM&quot;:&quot;middle&quot;,&quot;XS&quot;:&quot;middle&quot;}},&quot;margin-bottom&quot;:{&quot;shouldApplyDefaultMargins&quot;:{&quot;XL&quot;:false,&quot;LG&quot;:false,&quot;MD&quot;:false,&quot;SM&quot;:true,&quot;XS&quot;:true},&quot;parentVerticalAlign&quot;:{&quot;XL&quot;:&quot;middle&quot;,&quot;LG&quot;:&quot;middle&quot;,&quot;MD&quot;:&quot;middle&quot;,&quot;SM&quot;:&quot;middle&quot;,&quot;XS&quot;:&quot;middle&quot;}}}\\\">\\n      <div class=\\\"u-gutter-0 u-layout\\\">\\n        <div class=\\\"u-layout-row\\\">\\n          <div class=\\\"u-block-257d-8 u-container-style u-layout-cell u-left-cell u-size-43-md u-size-43-sm u-size-43-xs u-size-46-lg u-size-46-xl\\\" style=\\\"min-height: 152px\\\" data-state=\\\"{&quot;min-height&quot;:{&quot;expandedParent&quot;:{&quot;XL&quot;:true,&quot;LG&quot;:true,&quot;MD&quot;:true,&quot;SM&quot;:true,&quot;XS&quot;:true},&quot;cellMultiplier&quot;:{&quot;XL&quot;:1,&quot;LG&quot;:1,&quot;MD&quot;:0.9347826086956521,&quot;SM&quot;:1.3953488372093024,&quot;XS&quot;:1},&quot;canCollapse&quot;:{&quot;XL&quot;:false,&quot;LG&quot;:false,&quot;MD&quot;:true,&quot;SM&quot;:true,&quot;XS&quot;:true}}}\\\">\\n            <div class=\\\"u-block-257d-9 u-container-layout u-valign-middle\\\" style=\\\"padding-top: 30px; padding-bottom: 30px; padding-left: 60px; padding-right: 60px\\\" data-state=\\\"{&quot;min-height&quot;:{&quot;canCollapse&quot;:{&quot;XL&quot;:false,&quot;LG&quot;:false,&quot;MD&quot;:false,&quot;SM&quot;:false,&quot;XS&quot;:false}}}\\\">\\n              <h3 class=\\\"u-block-257d-6 u-text u-text-default\\\" style=\\\"margin-top: 0px; margin-right: 20px; margin-bottom: 0px;\\\">Cookies &amp; Privacy</h3>\\n              <p class=\\\"u-block-257d-5 u-text u-text-default\\\" style=\\\"margin: 8px 20px 0px 0px;\\\">This website uses cookies to ensure you get the best experience on our website.</p>\\n            </div>\\n          </div>\\n          <div class=\\\"u-align-left u-block-257d-10 u-container-style u-layout-cell u-right-cell u-size-14-lg u-size-14-xl u-size-17-md u-size-17-sm u-size-17-xs\\\" style=\\\"min-height: 152px\\\" data-state=\\\"{&quot;min-height&quot;:{&quot;expandedParent&quot;:{&quot;XL&quot;:true,&quot;LG&quot;:true,&quot;MD&quot;:true,&quot;SM&quot;:true,&quot;XS&quot;:true},&quot;cellMultiplier&quot;:{&quot;XL&quot;:1,&quot;LG&quot;:1,&quot;MD&quot;:1.2142857142857142,&quot;SM&quot;:3.5294117647058822,&quot;XS&quot;:1},&quot;canCollapse&quot;:{&quot;XL&quot;:false,&quot;LG&quot;:false,&quot;MD&quot;:true,&quot;SM&quot;:true,&quot;XS&quot;:true}}}\\\">\\n            <div class=\\\"u-block-257d-11 u-container-layout u-valign-middle-lg u-valign-middle-md u-valign-middle-xl u-valign-top-sm u-valign-top-xs\\\" style=\\\"padding-top: 30px; padding-bottom: 30px; padding-left: 30px; padding-right: 30px\\\" data-state=\\\"{&quot;min-height&quot;:{&quot;canCollapse&quot;:{&quot;XL&quot;:false,&quot;LG&quot;:false,&quot;MD&quot;:false,&quot;SM&quot;:false,&quot;XS&quot;:false}}}\\\">\\n              <a href=\\\"###\\\" class=\\\"u-block-257d-3 u-btn u-button-confirm u-button-style u-palette-1-base\\\" style=\\\"margin-top: 0px; margin-right: auto; margin-bottom: 0px; margin-left: 0px\\\">Confirm</a>\\n            </div>\\n          </div>\\n        </div>\\n      </div>\\n    </div>\\n  </div>\\n  <style data-mode=\\\"XL\\\">@media (max-width: 0px) { .u-block-257d-1 {background-image: none}\\n.u-block-257d-2 {min-height: 212px}\\n.u-block-257d-7 {margin-top: 30px; margin-bottom: 30px}\\n.u-block-257d-8 {min-height: 152px}\\n.u-block-257d-9 {padding-top: 30px; padding-bottom: 30px; padding-left: 60px; padding-right: 60px}\\n.u-block-257d-6 {margin-top: 0px; margin-right: 20px; margin-bottom: 0px}\\n.u-block-257d-5 {margin-top: 8px; margin-right: 20px; margin-bottom: 0px; margin-left: 0px}\\n.u-block-257d-10 {min-height: 152px}\\n.u-block-257d-11 {padding-top: 30px; padding-bottom: 30px; padding-left: 30px; padding-right: 30px}\\n.u-block-257d-3 {margin-top: 0px; margin-right: auto; margin-bottom: 0px; margin-left: 0px} }</style>\\n  <style data-mode=\\\"LG\\\">@media (max-width: 0px) { .u-block-257d-1 {background-image: none}\\n.u-block-257d-2 {min-height: 131px}\\n.u-block-257d-7 {margin-top: 30px; margin-bottom: 30px}\\n.u-block-257d-8 {min-height: 125px}\\n.u-block-257d-9 {padding-top: 30px; padding-bottom: 30px; padding-left: 60px; padding-right: 60px}\\n.u-block-257d-6 {margin-top: 0px; margin-right: 0px; margin-bottom: 0px}\\n.u-block-257d-5 {margin-top: 8px; margin-right: 0px; margin-bottom: 0px; margin-left: 0px}\\n.u-block-257d-10 {min-height: 125px}\\n.u-block-257d-11 {padding-top: 30px; padding-bottom: 30px; padding-left: 30px; padding-right: 30px}\\n.u-block-257d-3 {margin-top: 0px; margin-right: auto; margin-bottom: 0px; margin-left: 0px} }</style>\\n  <style data-mode=\\\"MD\\\" data-visited=\\\"true\\\">@media (max-width: 0px) { .u-block-257d-1 {background-image: none}\\n.u-block-257d-2 {min-height: 106px}\\n.u-block-257d-7 {margin-top: 30px; margin-bottom: 30px}\\n.u-block-257d-8 {min-height: 100px}\\n.u-block-257d-9 {padding-top: 30px; padding-bottom: 30px; padding-left: 30px; padding-right: 30px}\\n.u-block-257d-6 {margin-top: 0px; margin-right: 0px; margin-bottom: 0px}\\n.u-block-257d-5 {margin-top: 8px; margin-right: 0px; margin-bottom: 0px; margin-left: 0px}\\n.u-block-257d-10 {min-height: 100px}\\n.u-block-257d-11 {padding-top: 30px; padding-bottom: 30px; padding-left: 30px; padding-right: 30px}\\n.u-block-257d-3 {margin-top: 0px; margin-right: auto; margin-bottom: 0px; margin-left: 0px} }</style>\\n  <style data-mode=\\\"SM\\\" data-visited=\\\"true\\\">@media (max-width: 0px) { .u-block-257d-1 {background-image: none}\\n.u-block-257d-2 {min-height: 225px}\\n.u-block-257d-7 {margin-top: 30px; margin-bottom: 30px}\\n.u-block-257d-8 {min-height: 154px}\\n.u-block-257d-9 {padding-top: 30px; padding-left: 10px; padding-right: 10px; padding-bottom: 20px}\\n.u-block-257d-6 {margin-top: 0px; margin-right: 0px; margin-bottom: 0px}\\n.u-block-257d-5 {margin-top: 8px; margin-right: 0px; margin-bottom: 0px; margin-left: 0px}\\n.u-block-257d-10 {min-height: 65px}\\n.u-block-257d-11 {padding-top: 10px; padding-bottom: 10px; padding-left: 10px; padding-right: 10px}\\n.u-block-257d-3 {margin-top: 0px; margin-right: auto; margin-bottom: 0px; margin-left: 0px} }</style>\\n  <style data-mode=\\\"XS\\\" data-visited=\\\"true\\\">@media (max-width: 0px) { .u-block-257d-1 {background-image: none}\\n.u-block-257d-2 {min-height: 121px}\\n.u-block-257d-7 {margin-top: 30px; margin-bottom: 30px}\\n.u-block-257d-8 {min-height: 100px}\\n.u-block-257d-9 {padding-top: 30px; padding-bottom: 20px; padding-left: 10px; padding-right: 10px}\\n.u-block-257d-6 {margin-top: 0px; margin-right: 0px; margin-bottom: 0px}\\n.u-block-257d-5 {margin-top: 8px; margin-right: 0px; margin-bottom: 0px; margin-left: 0px}\\n.u-block-257d-10 {min-height: 15px}\\n.u-block-257d-11 {padding-top: 10px; padding-bottom: 10px; padding-left: 10px; padding-right: 10px}\\n.u-block-257d-3 {margin-top: 0px; margin-right: auto; margin-bottom: 0px; margin-left: 0px} }</style>\\n</section>\",\"captchaSiteKey\":\"6Lc2HDEiAAAAALpe1yqNarK-BmlyYl_MNPZx7_AB\",\"captchaSecretKey\":\"\",\"colorScheme\":{\"bodyColors\":[\"#111111\",\"#ffffff\"],\"bgColor\":\"#ffffff\",\"colors\":[\"#104e92\",\"#e71a23\",\"#548e92\",\"#a22470\",\"#b9c1cc\"],\"shadingContrast\":\"body-alt-color\",\"whiteContrast\":\"body-color\",\"bgContrast\":\"body-color\",\"name\":\"u10\",\"customColors\":[]},\"fontScheme\":{\"name\":\"Roboto-OpenSans\",\"default\":true,\"isDefault\":true,\"fonts\":{\"heading\":\"Roboto, sans-serif\",\"text\":\"Open Sans, sans-serif\",\"accent\":\"Arial, sans-serif\",\"headingTitle\":\"Roboto\",\"textTitle\":\"Open Sans\"}},\"typography\":{\"name\":\"custom-page-typography-1\",\"title\":{\"font-size\":6,\"line-height\":\"1_1\",\"margin-top\":20,\"margin-bottom\":20,\"font-weight\":700,\"font-style\":\"\",\"text-decoration\":\"\",\"text-transform\":\"uppercase\",\"letter-spacing\":\"\",\"text-color\":\"body-alt-color\",\"border-color\":\"\",\"border-style\":\"\",\"color\":\"\",\"border\":\"\",\"button-shape\":\"\",\"border-radius\":\"\",\"underline\":\"\",\"gradient\":\"\",\"font\":\"Archivo Black\"},\"subtitle\":{\"font-weight\":\"400\",\"font-size\":2.25,\"line-height\":\"1_1\",\"margin-top\":20,\"margin-bottom\":20},\"h1\":{\"font-size\":3.125,\"line-height\":\"1_1\",\"margin-top\":20,\"margin-bottom\":20,\"font-weight\":700,\"font-style\":\"\",\"text-decoration\":\"\",\"text-transform\":\"\",\"letter-spacing\":\"\",\"text-color\":\"\",\"border-color\":\"\",\"border-style\":\"\",\"color\":\"\",\"border\":\"\",\"button-shape\":\"\",\"border-radius\":\"\",\"underline\":\"\",\"gradient\":\"\",\"font\":\"\"},\"h2\":{\"font-weight\":\"400\",\"font-size\":2.25,\"line-height\":\"1_1\",\"margin-top\":20,\"margin-bottom\":20},\"h3\":{\"font-weight\":\"400\",\"font-size\":1.875,\"line-height\":\"1_2\",\"margin-top\":20,\"margin-bottom\":20},\"h4\":{\"font-weight\":\"400\",\"font-size\":1.5,\"line-height\":\"1_2\",\"margin-top\":20,\"margin-bottom\":20},\"h5\":{\"font-weight\":\"400\",\"font-size\":1.25,\"line-height\":\"1_2\",\"margin-top\":20,\"margin-bottom\":20},\"h6\":{\"font-weight\":\"400\",\"font-size\":1.125,\"line-height\":\"1_2\",\"margin-top\":20,\"margin-bottom\":20},\"largeText\":{\"font-size\":1.25,\"margin-top\":20,\"margin-bottom\":20},\"smallText\":{\"font-size\":0.875,\"margin-top\":20,\"margin-bottom\":20},\"text\":{\"margin-top\":20,\"margin-bottom\":20},\"link\":{},\"button\":{\"color\":\"palette-1-base\",\"margin-top\":20,\"margin-bottom\":20},\"blockquote\":{\"font-style\":\"italic\",\"indent\":20,\"border\":4,\"border-color\":\"palette-1-base\",\"margin-top\":20,\"margin-bottom\":20},\"metadata\":{\"margin-top\":20,\"margin-bottom\":20},\"list\":{\"margin-top\":20,\"margin-bottom\":20},\"orderedlist\":{\"margin-top\":20,\"margin-bottom\":20},\"postContent\":{\"margin-top\":20,\"margin-bottom\":20},\"theme\":{\"gradient\":\"\",\"image\":\"\",\"sheet-width-xl\":1140,\"sheet-width-lg\":800,\"sheet-width-md\":600,\"sheet-width-sm\":500,\"sheet-width-xs\":250,\"sheet-width-xxl\":1320},\"htmlBaseSize\":16,\"hyperlink\":{\"text-color\":\"palette-1-base\"},\"form-input\":{\"border\":1,\"border-color\":\"grey-30\",\"borders\":\"top right bottom left\",\"color\":\"white\",\"text-color\":\"black\"}},\"backToTop\":\"<span style=\\\"height: 64px; width: 64px; margin-left: 0px; margin-right: auto; margin-top: 0px; background-image: none; right: 20px; bottom: 20px; padding: 15px\\\" class=\\\"u-back-to-top u-icon u-icon-circle u-opacity u-opacity-85 u-palette-1-base\\\" data-href=\\\"#\\\">\\n        <svg class=\\\"u-svg-link\\\" preserveAspectRatio=\\\"xMidYMin slice\\\" viewBox=\\\"0 0 551.13 551.13\\\">\\n            <use xmlns:xlink=\\\"http://www.w3.org/1999/xlink\\\" xlink:href=\\\"#svg-1d98\\\"></use>\\n        </svg>\\n        <svg class=\\\"u-svg-content\\\" enable-background=\\\"new 0 0 551.13 551.13\\\" viewBox=\\\"0 0 551.13 551.13\\\" xmlns=\\\"http://www.w3.org/2000/svg\\\" id=\\\"svg-1d98\\\">\\n            <path d=\\\"m275.565 189.451 223.897 223.897h51.668l-275.565-275.565-275.565 275.565h51.668z\\\"></path>\\n        </svg>\\n    </span>\",\"lang\":\"es\",\"payment\":{\"services\":{}},\"langs\":[{\"id\":\"1\",\"name\":\"es\",\"title\":\"Spanish\"}],\"disableHtml\":\"false\",\"favicon\":\"favicon.jpg\",\"description\":\"\",\"keywords\":\"\",\"analytics\":\"\",\"googleTagManager\":\"\",\"googleOptimizeId\":\"\",\"requiredSaveCaptchaKey\":false,\"metaTags\":\"\",\"headHtml\":\"\",\"customCss\":\"\",\"themeAuthor\":\"\",\"themeAuthorUrl\":\"\",\"themeVersion\":\"1.0\",\"themeUrl\":\"\",\"themeTags\":\"left-sidebar, right-sidebar, custom-background, custom-colors, blog\",\"themeDescription\":\"Tema generado por Nicepage\",\"showBrand\":\"false\",\"whiteLabelTitle\":\"Nicepage\",\"whiteLabelLogoSmall\":\"\",\"whiteLabelLogoBig\":\"\",\"whiteLabelAuthor\":\"Nicepage https://www.nicepage.com\",\"whiteLabelAuthorUrl\":\"https://nicepage.com/\",\"whiteLabelDescription\":\"Design websites with any images and texts in seconds!\",\"themeThumbnail\":\"\",\"cookies\":\"false\",\"cookieConfirmCode\":\"\",\"embedFonts\":\"false\",\"lazyLoading\":\"false\",\"country\":\"\",\"clientMode\":\"false\",\"disableOpenGraph\":\"false\",\"analyticsCode\":\"\",\"formServices\":{\"b8306c58e7fbea255b7cc46b9e5be869\":{\"id\":\"b8306c58e7fbea255b7cc46b9e5be869\",\"type\":\"email\",\"token\":\"4d0d54be-a7bd-b718-cfef-cc1aa346360b\",\"email\":\"sistemas@tcontrolsa.com\",\"isVerified\":true}},\"hasResponsiveXXL\":true}","title":"TCONTROL","siteStyleCss":"<style id=\"color-scheme\" color-scheme=\"u10\" color-style=\"monochrome-1\">.u-body {\n--none: transparent;\n--none-darker: transparent;\n--none-r: 255;\n--none-g: 255;\n--none-b: 255;\n--none-contrast: body-color;\n--none-contrast-darker: body-color;\n--none-text-color: var(--body-color);\n--transparent: transparent;\n--transparent-darker: transparent;\n--transparent-r: 255;\n--transparent-g: 255;\n--transparent-b: 255;\n--transparent-contrast: body-color;\n--transparent-contrast-darker: body-color;\n--transparent-text-color: var(--body-color);\n--body-color: #111111;\n--body-color-darker: #0f0f0f;\n--body-color-r: 17;\n--body-color-g: 17;\n--body-color-b: 17;\n--body-color-contrast: white;\n--body-color-contrast-darker: white;\n--body-color-text-color: var(--body-alt-color);\n--body-alt-color: #ffffff;\n--body-alt-color-darker: #e6e6e6;\n--body-alt-color-r: 255;\n--body-alt-color-g: 255;\n--body-alt-color-b: 255;\n--body-alt-color-contrast: black;\n--body-alt-color-contrast-darker: black;\n--body-alt-color-text-color: var(--body-color);\n--bg-color: #ffffff;\n--bg-color-darker: #e6e6e6;\n--bg-color-r: 255;\n--bg-color-g: 255;\n--bg-color-b: 255;\n--bg-color-contrast: black;\n--bg-color-contrast-darker: black;\n--bg-color-text-color: var(--body-color);\n--palette-1-base: #104e92;\n--palette-1-base-darker: #0e4683;\n--palette-1-base-r: 16;\n--palette-1-base-g: 78;\n--palette-1-base-b: 146;\n--palette-1-base-contrast: white;\n--palette-1-base-contrast-darker: white;\n--palette-1-base-text-color: var(--body-alt-color);\n--palette-1-dark-3: #292e33;\n--palette-1-dark-3-darker: #25292e;\n--palette-1-dark-3-r: 41;\n--palette-1-dark-3-g: 46;\n--palette-1-dark-3-b: 51;\n--palette-1-dark-3-contrast: white;\n--palette-1-dark-3-contrast-darker: white;\n--palette-1-dark-3-text-color: var(--body-alt-color);\n--palette-1-dark-2: #2d4662;\n--palette-1-dark-2-darker: #293f58;\n--palette-1-dark-2-r: 45;\n--palette-1-dark-2-g: 70;\n--palette-1-dark-2-b: 98;\n--palette-1-dark-2-contrast: white;\n--palette-1-dark-2-contrast-darker: white;\n--palette-1-dark-2-text-color: var(--body-alt-color);\n--palette-1-dark-1: #104e92;\n--palette-1-dark-1-darker: #0e4683;\n--palette-1-dark-1-r: 16;\n--palette-1-dark-1-g: 78;\n--palette-1-dark-1-b: 146;\n--palette-1-dark-1-contrast: white;\n--palette-1-dark-1-contrast-darker: white;\n--palette-1-dark-1-text-color: var(--body-alt-color);\n--palette-1: #368cea;\n--palette-1-darker: #1c7de7;\n--palette-1-r: 54;\n--palette-1-g: 140;\n--palette-1-b: 234;\n--palette-1-contrast: white;\n--palette-1-contrast-darker: white;\n--palette-1-text-color: var(--body-alt-color);\n--palette-1-light-1: #6fadf1;\n--palette-1-light-1-darker: #4f9bee;\n--palette-1-light-1-r: 111;\n--palette-1-light-1-g: 173;\n--palette-1-light-1-b: 241;\n--palette-1-light-1-contrast: white;\n--palette-1-light-1-contrast-darker: white;\n--palette-1-light-1-text-color: var(--body-alt-color);\n--palette-1-light-2: #abcff7;\n--palette-1-light-2-darker: #85b9f3;\n--palette-1-light-2-r: 171;\n--palette-1-light-2-g: 207;\n--palette-1-light-2-b: 247;\n--palette-1-light-2-contrast: black;\n--palette-1-light-2-contrast-darker: white;\n--palette-1-light-2-text-color: var(--body-color);\n--palette-1-light-3: #e9f3fd;\n--palette-1-light-3-darker: #bcdbf9;\n--palette-1-light-3-r: 233;\n--palette-1-light-3-g: 243;\n--palette-1-light-3-b: 253;\n--palette-1-light-3-contrast: black;\n--palette-1-light-3-contrast-darker: black;\n--palette-1-light-3-text-color: var(--body-color);\n--palette-2-base: #e71a23;\n--palette-2-base-darker: #d1161e;\n--palette-2-base-r: 231;\n--palette-2-base-g: 26;\n--palette-2-base-b: 35;\n--palette-2-base-contrast: white;\n--palette-2-base-contrast-darker: white;\n--palette-2-base-text-color: var(--body-alt-color);\n--palette-2-dark-3: #332929;\n--palette-2-dark-3-darker: #2e2525;\n--palette-2-dark-3-r: 51;\n--palette-2-dark-3-g: 41;\n--palette-2-dark-3-b: 41;\n--palette-2-dark-3-contrast: white;\n--palette-2-dark-3-contrast-darker: white;\n--palette-2-dark-3-text-color: var(--body-alt-color);\n--palette-2-dark-2: #6f3f41;\n--palette-2-dark-2-darker: #64393a;\n--palette-2-dark-2-r: 111;\n--palette-2-dark-2-g: 63;\n--palette-2-dark-2-b: 65;\n--palette-2-dark-2-contrast: white;\n--palette-2-dark-2-contrast-darker: white;\n--palette-2-dark-2-text-color: var(--body-alt-color);\n--palette-2-dark-1: #ab3a3f;\n--palette-2-dark-1-darker: #9a3439;\n--palette-2-dark-1-r: 171;\n--palette-2-dark-1-g: 58;\n--palette-2-dark-1-b: 63;\n--palette-2-dark-1-contrast: white;\n--palette-2-dark-1-contrast-darker: white;\n--palette-2-dark-1-text-color: var(--body-alt-color);\n--palette-2: #e71a23;\n--palette-2-darker: #d1161e;\n--palette-2-r: 231;\n--palette-2-g: 26;\n--palette-2-b: 35;\n--palette-2-contrast: white;\n--palette-2-contrast-darker: white;\n--palette-2-text-color: var(--body-alt-color);\n--palette-2-light-1: #ee5a61;\n--palette-2-light-1-darker: #eb3c45;\n--palette-2-light-1-r: 238;\n--palette-2-light-1-g: 90;\n--palette-2-light-1-b: 97;\n--palette-2-light-1-contrast: white;\n--palette-2-light-1-contrast-darker: white;\n--palette-2-light-1-text-color: var(--body-alt-color);\n--palette-2-light-2: #f59ea2;\n--palette-2-light-2-darker: #f1797f;\n--palette-2-light-2-r: 245;\n--palette-2-light-2-g: 158;\n--palette-2-light-2-b: 162;\n--palette-2-light-2-contrast: white;\n--palette-2-light-2-contrast-darker: white;\n--palette-2-light-2-text-color: var(--body-alt-color);\n--palette-2-light-3: #fde6e7;\n--palette-2-light-3-darker: #f9b9bc;\n--palette-2-light-3-r: 253;\n--palette-2-light-3-g: 230;\n--palette-2-light-3-b: 231;\n--palette-2-light-3-contrast: black;\n--palette-2-light-3-contrast-darker: black;\n--palette-2-light-3-text-color: var(--body-color);\n--palette-3-base: #548e92;\n--palette-3-base-darker: #4c8083;\n--palette-3-base-r: 84;\n--palette-3-base-g: 142;\n--palette-3-base-b: 146;\n--palette-3-base-contrast: white;\n--palette-3-base-contrast-darker: white;\n--palette-3-base-text-color: var(--body-alt-color);\n--palette-3-dark-3: #293233;\n--palette-3-dark-3-darker: #252d2e;\n--palette-3-dark-3-r: 41;\n--palette-3-dark-3-g: 50;\n--palette-3-dark-3-b: 51;\n--palette-3-dark-3-contrast: white;\n--palette-3-dark-3-contrast-darker: white;\n--palette-3-dark-3-text-color: var(--body-alt-color);\n--palette-3-dark-2: #446162;\n--palette-3-dark-2-darker: #3d5758;\n--palette-3-dark-2-r: 68;\n--palette-3-dark-2-g: 97;\n--palette-3-dark-2-b: 98;\n--palette-3-dark-2-contrast: white;\n--palette-3-dark-2-contrast-darker: white;\n--palette-3-dark-2-text-color: var(--body-alt-color);\n--palette-3-dark-1: #548e92;\n--palette-3-dark-1-darker: #4c8083;\n--palette-3-dark-1-r: 84;\n--palette-3-dark-1-g: 142;\n--palette-3-dark-1-b: 146;\n--palette-3-dark-1-contrast: white;\n--palette-3-dark-1-contrast-darker: white;\n--palette-3-dark-1-text-color: var(--body-alt-color);\n--palette-3: #7fc1c5;\n--palette-3-darker: #69b6bb;\n--palette-3-r: 127;\n--palette-3-g: 193;\n--palette-3-b: 197;\n--palette-3-contrast: white;\n--palette-3-contrast-darker: white;\n--palette-3-text-color: var(--body-alt-color);\n--palette-3-light-1: #a1d3d7;\n--palette-3-light-1-darker: #87c7cc;\n--palette-3-light-1-r: 161;\n--palette-3-light-1-g: 211;\n--palette-3-light-1-b: 215;\n--palette-3-light-1-contrast: black;\n--palette-3-light-1-contrast-darker: black;\n--palette-3-light-1-text-color: var(--body-color);\n--palette-3-light-2: #c7e6e8;\n--palette-3-light-2-darker: #a8d8db;\n--palette-3-light-2-r: 199;\n--palette-3-light-2-g: 230;\n--palette-3-light-2-b: 232;\n--palette-3-light-2-contrast: black;\n--palette-3-light-2-contrast-darker: black;\n--palette-3-light-2-text-color: var(--body-color);\n--palette-3-light-3: #f0f9f9;\n--palette-3-light-3-darker: #cdebeb;\n--palette-3-light-3-r: 240;\n--palette-3-light-3-g: 249;\n--palette-3-light-3-b: 249;\n--palette-3-light-3-contrast: black;\n--palette-3-light-3-contrast-darker: black;\n--palette-3-light-3-text-color: var(--body-color);\n--palette-4-base: #a22470;\n--palette-4-base-darker: #922065;\n--palette-4-base-r: 162;\n--palette-4-base-g: 36;\n--palette-4-base-b: 112;\n--palette-4-base-contrast: white;\n--palette-4-base-contrast-darker: white;\n--palette-4-base-text-color: var(--body-alt-color);\n--palette-4-dark-3: #33292f;\n--palette-4-dark-3-darker: #2e252a;\n--palette-4-dark-3-r: 51;\n--palette-4-dark-3-g: 41;\n--palette-4-dark-3-b: 47;\n--palette-4-dark-3-contrast: white;\n--palette-4-dark-3-contrast-darker: white;\n--palette-4-dark-3-text-color: var(--body-alt-color);\n--palette-4-dark-2: #6a3656;\n--palette-4-dark-2-darker: #5f314d;\n--palette-4-dark-2-r: 106;\n--palette-4-dark-2-g: 54;\n--palette-4-dark-2-b: 86;\n--palette-4-dark-2-contrast: white;\n--palette-4-dark-2-contrast-darker: white;\n--palette-4-dark-2-text-color: var(--body-alt-color);\n--palette-4-dark-1: #a22470;\n--palette-4-dark-1-darker: #922065;\n--palette-4-dark-1-r: 162;\n--palette-4-dark-1-g: 36;\n--palette-4-dark-1-b: 112;\n--palette-4-dark-1-contrast: white;\n--palette-4-dark-1-contrast-darker: white;\n--palette-4-dark-1-text-color: var(--body-alt-color);\n--palette-4: #e347a5;\n--palette-4-darker: #df2d98;\n--palette-4-r: 227;\n--palette-4-g: 71;\n--palette-4-b: 165;\n--palette-4-contrast: white;\n--palette-4-contrast-darker: white;\n--palette-4-text-color: var(--body-alt-color);\n--palette-4-light-1: #ec7abe;\n--palette-4-light-1-darker: #e85baf;\n--palette-4-light-1-r: 236;\n--palette-4-light-1-g: 122;\n--palette-4-light-1-b: 190;\n--palette-4-light-1-contrast: white;\n--palette-4-light-1-contrast-darker: white;\n--palette-4-light-1-text-color: var(--body-alt-color);\n--palette-4-light-2: #f4b1d9;\n--palette-4-light-2-darker: #ef8cc7;\n--palette-4-light-2-r: 244;\n--palette-4-light-2-g: 177;\n--palette-4-light-2-b: 217;\n--palette-4-light-2-contrast: black;\n--palette-4-light-2-contrast-darker: white;\n--palette-4-light-2-text-color: var(--body-color);\n--palette-4-light-3: #fcebf5;\n--palette-4-light-3-darker: #f6c1e0;\n--palette-4-light-3-r: 252;\n--palette-4-light-3-g: 235;\n--palette-4-light-3-b: 245;\n--palette-4-light-3-contrast: black;\n--palette-4-light-3-contrast-darker: black;\n--palette-4-light-3-text-color: var(--body-color);\n--palette-5-base: #b9c1cc;\n--palette-5-base-darker: #a2adbc;\n--palette-5-base-r: 185;\n--palette-5-base-g: 193;\n--palette-5-base-b: 204;\n--palette-5-base-contrast: black;\n--palette-5-base-contrast-darker: white;\n--palette-5-base-text-color: var(--body-color);\n--palette-5-dark-3: #292d33;\n--palette-5-dark-3-darker: #25292e;\n--palette-5-dark-3-r: 41;\n--palette-5-dark-3-g: 45;\n--palette-5-dark-3-b: 51;\n--palette-5-dark-3-contrast: white;\n--palette-5-dark-3-contrast-darker: white;\n--palette-5-dark-3-text-color: var(--body-alt-color);\n--palette-5-dark-2: #555c66;\n--palette-5-dark-2-darker: #4d535c;\n--palette-5-dark-2-r: 85;\n--palette-5-dark-2-g: 92;\n--palette-5-dark-2-b: 102;\n--palette-5-dark-2-contrast: white;\n--palette-5-dark-2-contrast-darker: white;\n--palette-5-dark-2-text-color: var(--body-alt-color);\n--palette-5-dark-1: #858e99;\n--palette-5-dark-1-darker: #75808c;\n--palette-5-dark-1-r: 133;\n--palette-5-dark-1-g: 142;\n--palette-5-dark-1-b: 153;\n--palette-5-dark-1-contrast: white;\n--palette-5-dark-1-contrast-darker: white;\n--palette-5-dark-1-text-color: var(--body-alt-color);\n--palette-5: #b9c1cc;\n--palette-5-darker: #a2adbc;\n--palette-5-r: 185;\n--palette-5-g: 193;\n--palette-5-b: 204;\n--palette-5-contrast: black;\n--palette-5-contrast-darker: white;\n--palette-5-text-color: var(--body-color);\n--palette-5-light-1: #ccd3db;\n--palette-5-light-1-darker: #b3bec9;\n--palette-5-light-1-r: 204;\n--palette-5-light-1-g: 211;\n--palette-5-light-1-b: 219;\n--palette-5-light-1-contrast: black;\n--palette-5-light-1-contrast-darker: black;\n--palette-5-light-1-text-color: var(--body-color);\n--palette-5-light-2: #e0e5eb;\n--palette-5-light-2-darker: #c4ced9;\n--palette-5-light-2-r: 224;\n--palette-5-light-2-g: 229;\n--palette-5-light-2-b: 235;\n--palette-5-light-2-contrast: black;\n--palette-5-light-2-contrast-darker: black;\n--palette-5-light-2-text-color: var(--body-color);\n--palette-5-light-3: #f5f7fa;\n--palette-5-light-3-darker: #d4dde9;\n--palette-5-light-3-r: 245;\n--palette-5-light-3-g: 247;\n--palette-5-light-3-b: 250;\n--palette-5-light-3-contrast: black;\n--palette-5-light-3-contrast-darker: black;\n--palette-5-light-3-text-color: var(--body-color);\n--grey-40: #999999;\n--grey-40-darker: #8a8a8a;\n--grey-40-r: 153;\n--grey-40-g: 153;\n--grey-40-b: 153;\n--grey-40-contrast: white;\n--grey-40-contrast-darker: white;\n--grey-40-text-color: var(--body-alt-color);\n--grey-30: #b3b3b3;\n--grey-30-darker: #a1a1a1;\n--grey-30-r: 179;\n--grey-30-g: 179;\n--grey-30-b: 179;\n--grey-30-contrast: white;\n--grey-30-contrast-darker: white;\n--grey-30-text-color: var(--body-alt-color);\n--grey-25: #c0c0c0;\n--grey-25-darker: #adadad;\n--grey-25-r: 192;\n--grey-25-g: 192;\n--grey-25-b: 192;\n--grey-25-contrast: black;\n--grey-25-contrast-darker: white;\n--grey-25-text-color: var(--body-color);\n--white: #ffffff;\n--white-darker: #e6e6e6;\n--white-r: 255;\n--white-g: 255;\n--white-b: 255;\n--white-contrast: black;\n--white-contrast-darker: black;\n--white-text-color: var(--body-color);\n--grey-15: #d9d9d9;\n--grey-15-darker: #c3c3c3;\n--grey-15-r: 217;\n--grey-15-g: 217;\n--grey-15-b: 217;\n--grey-15-contrast: black;\n--grey-15-contrast-darker: black;\n--grey-15-text-color: var(--body-color);\n--grey-10: #e5e5e5;\n--grey-10-darker: #cecece;\n--grey-10-r: 229;\n--grey-10-g: 229;\n--grey-10-b: 229;\n--grey-10-contrast: black;\n--grey-10-contrast-darker: black;\n--grey-10-text-color: var(--body-color);\n--grey-5: #f2f2f2;\n--grey-5-darker: #dadada;\n--grey-5-r: 242;\n--grey-5-g: 242;\n--grey-5-b: 242;\n--grey-5-contrast: black;\n--grey-5-contrast-darker: black;\n--grey-5-text-color: var(--body-color);\n--grey-90: #1a1a1a;\n--grey-90-darker: #171717;\n--grey-90-r: 26;\n--grey-90-g: 26;\n--grey-90-b: 26;\n--grey-90-contrast: white;\n--grey-90-contrast-darker: white;\n--grey-90-text-color: var(--body-alt-color);\n--grey-80: #333333;\n--grey-80-darker: #2e2e2e;\n--grey-80-r: 51;\n--grey-80-g: 51;\n--grey-80-b: 51;\n--grey-80-contrast: white;\n--grey-80-contrast-darker: white;\n--grey-80-text-color: var(--body-alt-color);\n--grey-75: #404040;\n--grey-75-darker: #3a3a3a;\n--grey-75-r: 64;\n--grey-75-g: 64;\n--grey-75-b: 64;\n--grey-75-contrast: white;\n--grey-75-contrast-darker: white;\n--grey-75-text-color: var(--body-alt-color);\n--black: #000000;\n--black-darker: #000000;\n--black-r: 0;\n--black-g: 0;\n--black-b: 0;\n--black-contrast: white;\n--black-contrast-darker: white;\n--black-text-color: var(--body-alt-color);\n--grey-70: #4d4d4d;\n--grey-70-darker: #454545;\n--grey-70-r: 77;\n--grey-70-g: 77;\n--grey-70-b: 77;\n--grey-70-contrast: white;\n--grey-70-contrast-darker: white;\n--grey-70-text-color: var(--body-alt-color);\n--grey-60: #666666;\n--grey-60-darker: #5c5c5c;\n--grey-60-r: 102;\n--grey-60-g: 102;\n--grey-60-b: 102;\n--grey-60-contrast: white;\n--grey-60-contrast-darker: white;\n--grey-60-text-color: var(--body-alt-color);\n--grey-50: #808080;\n--grey-50-darker: #737373;\n--grey-50-r: 128;\n--grey-50-g: 128;\n--grey-50-b: 128;\n--grey-50-contrast: white;\n--grey-50-contrast-darker: white;\n--grey-50-text-color: var(--body-alt-color);\n--grey-dark-3: #212121;\n--grey-dark-3-darker: #1e1e1e;\n--grey-dark-3-r: 33;\n--grey-dark-3-g: 33;\n--grey-dark-3-b: 33;\n--grey-dark-3-contrast: white;\n--grey-dark-3-contrast-darker: white;\n--grey-dark-3-text-color: var(--body-alt-color);\n--grey-dark-2: #333333;\n--grey-dark-2-darker: #2e2e2e;\n--grey-dark-2-r: 51;\n--grey-dark-2-g: 51;\n--grey-dark-2-b: 51;\n--grey-dark-2-contrast: white;\n--grey-dark-2-contrast-darker: white;\n--grey-dark-2-text-color: var(--body-alt-color);\n--grey-dark-1: #454545;\n--grey-dark-1-darker: #3e3e3e;\n--grey-dark-1-r: 69;\n--grey-dark-1-g: 69;\n--grey-dark-1-b: 69;\n--grey-dark-1-contrast: white;\n--grey-dark-1-contrast-darker: white;\n--grey-dark-1-text-color: var(--body-alt-color);\n--grey: #b3b3b3;\n--grey-darker: #a1a1a1;\n--grey-r: 179;\n--grey-g: 179;\n--grey-b: 179;\n--grey-contrast: white;\n--grey-contrast-darker: white;\n--grey-text-color: var(--body-alt-color);\n--grey-light-1: #d9d9d9;\n--grey-light-1-darker: #c3c3c3;\n--grey-light-1-r: 217;\n--grey-light-1-g: 217;\n--grey-light-1-b: 217;\n--grey-light-1-contrast: black;\n--grey-light-1-contrast-darker: black;\n--grey-light-1-text-color: var(--body-color);\n--grey-light-2: #eeeeee;\n--grey-light-2-darker: #d6d6d6;\n--grey-light-2-r: 238;\n--grey-light-2-g: 238;\n--grey-light-2-b: 238;\n--grey-light-2-contrast: black;\n--grey-light-2-contrast-darker: black;\n--grey-light-2-text-color: var(--body-color);\n--grey-light-3: #f6f6f6;\n--grey-light-3-darker: #dddddd;\n--grey-light-3-r: 246;\n--grey-light-3-g: 246;\n--grey-light-3-b: 246;\n--grey-light-3-contrast: black;\n--grey-light-3-contrast-darker: black;\n--grey-light-3-text-color: var(--body-color);\n--color-1-base: #104e92;\n--color-1-base-darker: #0e4683;\n--color-1-base-r: 16;\n--color-1-base-g: 78;\n--color-1-base-b: 146;\n--color-1-base-contrast: white;\n--color-1-base-contrast-darker: white;\n--color-1-base-text-color: var(--body-alt-color);\n--color-1-dark-3: #292e33;\n--color-1-dark-3-darker: #25292e;\n--color-1-dark-3-r: 41;\n--color-1-dark-3-g: 46;\n--color-1-dark-3-b: 51;\n--color-1-dark-3-contrast: white;\n--color-1-dark-3-contrast-darker: white;\n--color-1-dark-3-text-color: var(--body-alt-color);\n--color-1-dark-2: #2d4662;\n--color-1-dark-2-darker: #293f58;\n--color-1-dark-2-r: 45;\n--color-1-dark-2-g: 70;\n--color-1-dark-2-b: 98;\n--color-1-dark-2-contrast: white;\n--color-1-dark-2-contrast-darker: white;\n--color-1-dark-2-text-color: var(--body-alt-color);\n--color-1-dark-1: #104e92;\n--color-1-dark-1-darker: #0e4683;\n--color-1-dark-1-r: 16;\n--color-1-dark-1-g: 78;\n--color-1-dark-1-b: 146;\n--color-1-dark-1-contrast: white;\n--color-1-dark-1-contrast-darker: white;\n--color-1-dark-1-text-color: var(--body-alt-color);\n--color-1: #368cea;\n--color-1-darker: #1c7de7;\n--color-1-r: 54;\n--color-1-g: 140;\n--color-1-b: 234;\n--color-1-contrast: white;\n--color-1-contrast-darker: white;\n--color-1-text-color: var(--body-alt-color);\n--color-1-light-1: #6fadf1;\n--color-1-light-1-darker: #4f9bee;\n--color-1-light-1-r: 111;\n--color-1-light-1-g: 173;\n--color-1-light-1-b: 241;\n--color-1-light-1-contrast: white;\n--color-1-light-1-contrast-darker: white;\n--color-1-light-1-text-color: var(--body-alt-color);\n--color-1-light-2: #abcff7;\n--color-1-light-2-darker: #85b9f3;\n--color-1-light-2-r: 171;\n--color-1-light-2-g: 207;\n--color-1-light-2-b: 247;\n--color-1-light-2-contrast: black;\n--color-1-light-2-contrast-darker: white;\n--color-1-light-2-text-color: var(--body-color);\n--color-1-light-3: #e9f3fd;\n--color-1-light-3-darker: #bcdbf9;\n--color-1-light-3-r: 233;\n--color-1-light-3-g: 243;\n--color-1-light-3-b: 253;\n--color-1-light-3-contrast: black;\n--color-1-light-3-contrast-darker: black;\n--color-1-light-3-text-color: var(--body-color);\n--color-2-base: #e71a23;\n--color-2-base-darker: #d1161e;\n--color-2-base-r: 231;\n--color-2-base-g: 26;\n--color-2-base-b: 35;\n--color-2-base-contrast: white;\n--color-2-base-contrast-darker: white;\n--color-2-base-text-color: var(--body-alt-color);\n--color-2-dark-3: #332929;\n--color-2-dark-3-darker: #2e2525;\n--color-2-dark-3-r: 51;\n--color-2-dark-3-g: 41;\n--color-2-dark-3-b: 41;\n--color-2-dark-3-contrast: white;\n--color-2-dark-3-contrast-darker: white;\n--color-2-dark-3-text-color: var(--body-alt-color);\n--color-2-dark-2: #6f3f41;\n--color-2-dark-2-darker: #64393a;\n--color-2-dark-2-r: 111;\n--color-2-dark-2-g: 63;\n--color-2-dark-2-b: 65;\n--color-2-dark-2-contrast: white;\n--color-2-dark-2-contrast-darker: white;\n--color-2-dark-2-text-color: var(--body-alt-color);\n--color-2-dark-1: #ab3a3f;\n--color-2-dark-1-darker: #9a3439;\n--color-2-dark-1-r: 171;\n--color-2-dark-1-g: 58;\n--color-2-dark-1-b: 63;\n--color-2-dark-1-contrast: white;\n--color-2-dark-1-contrast-darker: white;\n--color-2-dark-1-text-color: var(--body-alt-color);\n--color-2: #e71a23;\n--color-2-darker: #d1161e;\n--color-2-r: 231;\n--color-2-g: 26;\n--color-2-b: 35;\n--color-2-contrast: white;\n--color-2-contrast-darker: white;\n--color-2-text-color: var(--body-alt-color);\n--color-2-light-1: #ee5a61;\n--color-2-light-1-darker: #eb3c45;\n--color-2-light-1-r: 238;\n--color-2-light-1-g: 90;\n--color-2-light-1-b: 97;\n--color-2-light-1-contrast: white;\n--color-2-light-1-contrast-darker: white;\n--color-2-light-1-text-color: var(--body-alt-color);\n--color-2-light-2: #f59ea2;\n--color-2-light-2-darker: #f1797f;\n--color-2-light-2-r: 245;\n--color-2-light-2-g: 158;\n--color-2-light-2-b: 162;\n--color-2-light-2-contrast: white;\n--color-2-light-2-contrast-darker: white;\n--color-2-light-2-text-color: var(--body-alt-color);\n--color-2-light-3: #fde6e7;\n--color-2-light-3-darker: #f9b9bc;\n--color-2-light-3-r: 253;\n--color-2-light-3-g: 230;\n--color-2-light-3-b: 231;\n--color-2-light-3-contrast: black;\n--color-2-light-3-contrast-darker: black;\n--color-2-light-3-text-color: var(--body-color);\n--color-3-base: #548e92;\n--color-3-base-darker: #4c8083;\n--color-3-base-r: 84;\n--color-3-base-g: 142;\n--color-3-base-b: 146;\n--color-3-base-contrast: white;\n--color-3-base-contrast-darker: white;\n--color-3-base-text-color: var(--body-alt-color);\n--color-3-dark-3: #293233;\n--color-3-dark-3-darker: #252d2e;\n--color-3-dark-3-r: 41;\n--color-3-dark-3-g: 50;\n--color-3-dark-3-b: 51;\n--color-3-dark-3-contrast: white;\n--color-3-dark-3-contrast-darker: white;\n--color-3-dark-3-text-color: var(--body-alt-color);\n--color-3-dark-2: #446162;\n--color-3-dark-2-darker: #3d5758;\n--color-3-dark-2-r: 68;\n--color-3-dark-2-g: 97;\n--color-3-dark-2-b: 98;\n--color-3-dark-2-contrast: white;\n--color-3-dark-2-contrast-darker: white;\n--color-3-dark-2-text-color: var(--body-alt-color);\n--color-3-dark-1: #548e92;\n--color-3-dark-1-darker: #4c8083;\n--color-3-dark-1-r: 84;\n--color-3-dark-1-g: 142;\n--color-3-dark-1-b: 146;\n--color-3-dark-1-contrast: white;\n--color-3-dark-1-contrast-darker: white;\n--color-3-dark-1-text-color: var(--body-alt-color);\n--color-3: #7fc1c5;\n--color-3-darker: #69b6bb;\n--color-3-r: 127;\n--color-3-g: 193;\n--color-3-b: 197;\n--color-3-contrast: white;\n--color-3-contrast-darker: white;\n--color-3-text-color: var(--body-alt-color);\n--color-3-light-1: #a1d3d7;\n--color-3-light-1-darker: #87c7cc;\n--color-3-light-1-r: 161;\n--color-3-light-1-g: 211;\n--color-3-light-1-b: 215;\n--color-3-light-1-contrast: black;\n--color-3-light-1-contrast-darker: black;\n--color-3-light-1-text-color: var(--body-color);\n--color-3-light-2: #c7e6e8;\n--color-3-light-2-darker: #a8d8db;\n--color-3-light-2-r: 199;\n--color-3-light-2-g: 230;\n--color-3-light-2-b: 232;\n--color-3-light-2-contrast: black;\n--color-3-light-2-contrast-darker: black;\n--color-3-light-2-text-color: var(--body-color);\n--color-3-light-3: #f0f9f9;\n--color-3-light-3-darker: #cdebeb;\n--color-3-light-3-r: 240;\n--color-3-light-3-g: 249;\n--color-3-light-3-b: 249;\n--color-3-light-3-contrast: black;\n--color-3-light-3-contrast-darker: black;\n--color-3-light-3-text-color: var(--body-color);\n--color-4-base: #a22470;\n--color-4-base-darker: #922065;\n--color-4-base-r: 162;\n--color-4-base-g: 36;\n--color-4-base-b: 112;\n--color-4-base-contrast: white;\n--color-4-base-contrast-darker: white;\n--color-4-base-text-color: var(--body-alt-color);\n--color-4-dark-3: #33292f;\n--color-4-dark-3-darker: #2e252a;\n--color-4-dark-3-r: 51;\n--color-4-dark-3-g: 41;\n--color-4-dark-3-b: 47;\n--color-4-dark-3-contrast: white;\n--color-4-dark-3-contrast-darker: white;\n--color-4-dark-3-text-color: var(--body-alt-color);\n--color-4-dark-2: #6a3656;\n--color-4-dark-2-darker: #5f314d;\n--color-4-dark-2-r: 106;\n--color-4-dark-2-g: 54;\n--color-4-dark-2-b: 86;\n--color-4-dark-2-contrast: white;\n--color-4-dark-2-contrast-darker: white;\n--color-4-dark-2-text-color: var(--body-alt-color);\n--color-4-dark-1: #a22470;\n--color-4-dark-1-darker: #922065;\n--color-4-dark-1-r: 162;\n--color-4-dark-1-g: 36;\n--color-4-dark-1-b: 112;\n--color-4-dark-1-contrast: white;\n--color-4-dark-1-contrast-darker: white;\n--color-4-dark-1-text-color: var(--body-alt-color);\n--color-4: #e347a5;\n--color-4-darker: #df2d98;\n--color-4-r: 227;\n--color-4-g: 71;\n--color-4-b: 165;\n--color-4-contrast: white;\n--color-4-contrast-darker: white;\n--color-4-text-color: var(--body-alt-color);\n--color-4-light-1: #ec7abe;\n--color-4-light-1-darker: #e85baf;\n--color-4-light-1-r: 236;\n--color-4-light-1-g: 122;\n--color-4-light-1-b: 190;\n--color-4-light-1-contrast: white;\n--color-4-light-1-contrast-darker: white;\n--color-4-light-1-text-color: var(--body-alt-color);\n--color-4-light-2: #f4b1d9;\n--color-4-light-2-darker: #ef8cc7;\n--color-4-light-2-r: 244;\n--color-4-light-2-g: 177;\n--color-4-light-2-b: 217;\n--color-4-light-2-contrast: black;\n--color-4-light-2-contrast-darker: white;\n--color-4-light-2-text-color: var(--body-color);\n--color-4-light-3: #fcebf5;\n--color-4-light-3-darker: #f6c1e0;\n--color-4-light-3-r: 252;\n--color-4-light-3-g: 235;\n--color-4-light-3-b: 245;\n--color-4-light-3-contrast: black;\n--color-4-light-3-contrast-darker: black;\n--color-4-light-3-text-color: var(--body-color);\n--color-5-base: #b9c1cc;\n--color-5-base-darker: #a2adbc;\n--color-5-base-r: 185;\n--color-5-base-g: 193;\n--color-5-base-b: 204;\n--color-5-base-contrast: black;\n--color-5-base-contrast-darker: white;\n--color-5-base-text-color: var(--body-color);\n--color-5-dark-3: #292d33;\n--color-5-dark-3-darker: #25292e;\n--color-5-dark-3-r: 41;\n--color-5-dark-3-g: 45;\n--color-5-dark-3-b: 51;\n--color-5-dark-3-contrast: white;\n--color-5-dark-3-contrast-darker: white;\n--color-5-dark-3-text-color: var(--body-alt-color);\n--color-5-dark-2: #555c66;\n--color-5-dark-2-darker: #4d535c;\n--color-5-dark-2-r: 85;\n--color-5-dark-2-g: 92;\n--color-5-dark-2-b: 102;\n--color-5-dark-2-contrast: white;\n--color-5-dark-2-contrast-darker: white;\n--color-5-dark-2-text-color: var(--body-alt-color);\n--color-5-dark-1: #858e99;\n--color-5-dark-1-darker: #75808c;\n--color-5-dark-1-r: 133;\n--color-5-dark-1-g: 142;\n--color-5-dark-1-b: 153;\n--color-5-dark-1-contrast: white;\n--color-5-dark-1-contrast-darker: white;\n--color-5-dark-1-text-color: var(--body-alt-color);\n--color-5: #b9c1cc;\n--color-5-darker: #a2adbc;\n--color-5-r: 185;\n--color-5-g: 193;\n--color-5-b: 204;\n--color-5-contrast: black;\n--color-5-contrast-darker: white;\n--color-5-text-color: var(--body-color);\n--color-5-light-1: #ccd3db;\n--color-5-light-1-darker: #b3bec9;\n--color-5-light-1-r: 204;\n--color-5-light-1-g: 211;\n--color-5-light-1-b: 219;\n--color-5-light-1-contrast: black;\n--color-5-light-1-contrast-darker: black;\n--color-5-light-1-text-color: var(--body-color);\n--color-5-light-2: #e0e5eb;\n--color-5-light-2-darker: #c4ced9;\n--color-5-light-2-r: 224;\n--color-5-light-2-g: 229;\n--color-5-light-2-b: 235;\n--color-5-light-2-contrast: black;\n--color-5-light-2-contrast-darker: black;\n--color-5-light-2-text-color: var(--body-color);\n--color-5-light-3: #f5f7fa;\n--color-5-light-3-darker: #d4dde9;\n--color-5-light-3-r: 245;\n--color-5-light-3-g: 247;\n--color-5-light-3-b: 250;\n--color-5-light-3-contrast: black;\n--color-5-light-3-contrast-darker: black;\n--color-5-light-3-text-color: var(--body-color);\n--white-contrast: var(--body-color);\n--shading-contrast: var(--body-alt-color);\n--bg-contrast: var(--body-color);\n}</style><style id=\"typography\" typography=\"custom-page-typography-1\">\n        .u-body\n        {\n        --title-font-size: 6rem;\n        --title-line-height: 1.1;\n        --title-margin-top: 20px;\n        --title-margin-bottom: 20px;\n        --title-font-weight: 700;\n        --title-text-transform: uppercase;\n        --title-color: var(--body-alt-color);\n        --title-font-family: 'Archivo Black';\n        --title-alt-text-color: var(--body-color);\n        --subtitle-font-weight: 400;\n        --subtitle-font-size: 2.25rem;\n        --subtitle-line-height: 1.1;\n        --subtitle-margin-top: 20px;\n        --subtitle-margin-bottom: 20px;\n        --h1-font-size: 3.125rem;\n        --h1-line-height: 1.1;\n        --h1-margin-top: 20px;\n        --h1-margin-bottom: 20px;\n        --h1-font-weight: 700;\n        --h2-font-weight: 400;\n        --h2-font-size: 2.25rem;\n        --h2-line-height: 1.1;\n        --h2-margin-top: 20px;\n        --h2-margin-bottom: 20px;\n        --h3-font-weight: 400;\n        --h3-font-size: 1.875rem;\n        --h3-line-height: 1.2;\n        --h3-margin-top: 20px;\n        --h3-margin-bottom: 20px;\n        --h4-font-weight: 400;\n        --h4-font-size: 1.5rem;\n        --h4-line-height: 1.2;\n        --h4-margin-top: 20px;\n        --h4-margin-bottom: 20px;\n        --h5-font-weight: 400;\n        --h5-font-size: 1.25rem;\n        --h5-line-height: 1.2;\n        --h5-margin-top: 20px;\n        --h5-margin-bottom: 20px;\n        --h6-font-weight: 400;\n        --h6-font-size: 1.125rem;\n        --h6-line-height: 1.2;\n        --h6-margin-top: 20px;\n        --h6-margin-bottom: 20px;\n        --largeText-font-size: 1.25rem;\n        --largeText-margin-top: 20px;\n        --largeText-margin-bottom: 20px;\n        --smallText-font-size: 0.875rem;\n        --smallText-margin-top: 20px;\n        --smallText-margin-bottom: 20px;\n        --text-margin-top: 20px;\n        --text-margin-bottom: 20px;\n        --button-margin-top: 20px;\n        --button-margin-bottom: 20px;\n        --button-background-color: var(--palette-1-base);\n        --button-color: var(--white);\n        --button-alt-background-color: var(--palette-1-light-2);\n        --button-alt-color: var(--black);\n        --button-hover-background-color: var(--palette-1-base-darker);\n        --button-hover-color: var(--white-darker);\n        --button-hover-alt-background-color: var(--palette-1-light-2-darker);\n        --button-hover-alt-color: var(--white);\n        --button-hover-background-color: var(--palette-1-base-darker);\n        --button-hover-color: var(--white-darker);\n        --button-hover-alt-background-color: var(--palette-1-light-2-darker);\n        --button-hover-alt-color: var(--white);\n        --button-active-background-color: var(--palette-1-base-darker);\n        --button-active-color: var(--white-darker);\n        --button-active-alt-background-color: var(--palette-1-light-2-darker);\n        --button-active-alt-color: var(--white);\n        --blockquote-font-style: italic;\n        --blockquote-padding-left: 20px;\n        --blockquote-border-width: 4px;\n        --blockquote-border-color: var(--palette-1-base);\n        --blockquote-margin-top: 20px;\n        --blockquote-margin-bottom: 20px;\n        --metadata-margin-top: 20px;\n        --metadata-margin-bottom: 20px;\n        --list-margin-top: 20px;\n        --list-margin-bottom: 20px;\n        --orderedlist-margin-top: 20px;\n        --orderedlist-margin-bottom: 20px;\n        --postContent-margin-top: 20px;\n        --postContent-margin-bottom: 20px;\n        --theme-sheet-width-xl: 1140px;\n        --theme-sheet-width-lg: 800px;\n        --theme-sheet-width-md: 600px;\n        --theme-sheet-width-sm: 500px;\n        --theme-sheet-width-xs: 250px;\n        --theme-sheet-width-xxl: 1320px;\n        --hyperlink-color: var(--palette-1-base);\n        --hyperlink-alt-text-color: var(--palette-1-light-2);\n        --hyperlink-hover-color: var(--palette-1-base-darker);\n        --hyperlink-hover-alt-text-color: var(--grey-30-darker);\n        --form-input-border-width: 1px;\n        --form-input-border-color: var(--grey-30);\n        --form-input-borders: top right bottom left;\n        --form-input-background-color: var(--white);\n        --form-input-color: var(--black);\n        }\n\n        /** common-rules **/\n        h1.u-title\n        {\n        font-size: var(--title-font-size);\n        line-height: var(--title-line-height);\n        margin-top: var(--title-margin-top);\n        margin-bottom: var(--title-margin-bottom);\n        font-weight: var(--title-font-weight);\n        text-transform: var(--title-text-transform);\n        font-family: var(--title-font-family);\n        }\n        h2.u-subtitle\n        {\n        font-weight: var(--subtitle-font-weight);\n        font-size: var(--subtitle-font-size);\n        line-height: var(--subtitle-line-height);\n        margin-top: var(--subtitle-margin-top);\n        margin-bottom: var(--subtitle-margin-bottom);\n        }\n        h1:not(.u-title)\n        {\n        font-size: var(--h1-font-size);\n        line-height: var(--h1-line-height);\n        margin-top: var(--h1-margin-top);\n        margin-bottom: var(--h1-margin-bottom);\n        font-weight: var(--h1-font-weight);\n        }\n        h2:not(.u-subtitle)\n        {\n        font-weight: var(--h2-font-weight);\n        font-size: var(--h2-font-size);\n        line-height: var(--h2-line-height);\n        margin-top: var(--h2-margin-top);\n        margin-bottom: var(--h2-margin-bottom);\n        }\n        h3\n        {\n        font-weight: var(--h3-font-weight);\n        font-size: var(--h3-font-size);\n        line-height: var(--h3-line-height);\n        margin-top: var(--h3-margin-top);\n        margin-bottom: var(--h3-margin-bottom);\n        }\n        h4\n        {\n        font-weight: var(--h4-font-weight);\n        font-size: var(--h4-font-size);\n        line-height: var(--h4-line-height);\n        margin-top: var(--h4-margin-top);\n        margin-bottom: var(--h4-margin-bottom);\n        }\n        h5\n        {\n        font-weight: var(--h5-font-weight);\n        font-size: var(--h5-font-size);\n        line-height: var(--h5-line-height);\n        margin-top: var(--h5-margin-top);\n        margin-bottom: var(--h5-margin-bottom);\n        }\n        h6\n        {\n        font-weight: var(--h6-font-weight);\n        font-size: var(--h6-font-size);\n        line-height: var(--h6-line-height);\n        margin-top: var(--h6-margin-top);\n        margin-bottom: var(--h6-margin-bottom);\n        }\n        p.u-large-text\n        {\n        font-size: var(--largeText-font-size);\n        margin-top: var(--largeText-margin-top);\n        margin-bottom: var(--largeText-margin-bottom);\n        }\n        p.u-small-text\n        {\n        font-size: var(--smallText-font-size);\n        margin-top: var(--smallText-margin-top);\n        margin-bottom: var(--smallText-margin-bottom);\n        }\n        p:not(.u-text-variant)\n        {\n        margin-top: var(--text-margin-top);\n        margin-bottom: var(--text-margin-bottom);\n        }\n        .u-btn\n        {\n        margin-top: var(--button-margin-top);\n        margin-bottom: var(--button-margin-bottom);\n        }\n        blockquote\n        {\n        font-style: var(--blockquote-font-style);\n        padding-left: var(--blockquote-padding-left);\n        border-width: var(--blockquote-border-width);\n        margin-top: var(--blockquote-margin-top);\n        margin-bottom: var(--blockquote-margin-bottom);\n        }\n        .u-metadata\n        {\n        margin-top: var(--metadata-margin-top);\n        margin-bottom: var(--metadata-margin-bottom);\n        }\n        ul:not(.u-unstyled)\n        {\n        margin-top: var(--list-margin-top);\n        margin-bottom: var(--list-margin-bottom);\n        }\n        ol\n        {\n        margin-top: var(--orderedlist-margin-top);\n        margin-bottom: var(--orderedlist-margin-bottom);\n        }\n        .u-post-content\n        {\n        margin-top: var(--postContent-margin-top);\n        margin-bottom: var(--postContent-margin-bottom);\n        }\n        .u-input\n        {\n        border-width: var(--form-input-border-width);\n        borders: var(--form-input-borders);\n        }\n        /** common-rules **/\n\n        /** publish-rules **/\n        /*begin-media rules*/\n        /*end-media rules*/\n        /** publish-rules **/\n\n        \n\n        /** cms-rules **/\n        /*begin-responsive rules*/\n        /*end-responsive rules*/\n        /** cms-rules **/\n\n        /** color-rules **/\n        .u-overlap.u-overlap-transparent:not(.u-overlap-contrast) .u-header :not(.u-nav-item) > h1.u-title,\n        .u-gradient > .u-container-layout > h1.u-title,\n        .u-image:not(.u-shading) > .u-container-layout > h1.u-title,\n        h1.u-title\n        {\n        color: var(--title-color);\n        }\n        .u-overlap.u-overlap-transparent:not(.u-overlap-contrast) .u-header :not(.u-nav-item) > .u-btn,\n        .u-gradient > .u-container-layout > .u-btn,\n        .u-image:not(.u-shading) > .u-container-layout > .u-btn,\n        .u-btn\n        {\n        background-color: var(--button-background-color);\n        color: var(--button-color);\n        }\n        .u-overlap.u-overlap-transparent:not(.u-overlap-contrast) .u-header :not(.u-nav-item) > .u-btn:hover,\n        .u-gradient > .u-container-layout > .u-btn:hover,\n        .u-image:not(.u-shading) > .u-container-layout > .u-btn:hover,\n        .u-btn:hover\n        {\n        background-color: var(--button-hover-background-color);\n        color: var(--button-hover-color);\n        }\n        .u-overlap.u-overlap-transparent:not(.u-overlap-contrast) .u-header :not(.u-nav-item) > .u-btn:focus,\n        .u-gradient > .u-container-layout > .u-btn:focus,\n        .u-image:not(.u-shading) > .u-container-layout > .u-btn:focus,\n        .u-btn:focus\n        {\n        background-color: var(--button-hover-background-color);\n        color: var(--button-hover-color);\n        }\n        .u-overlap.u-overlap-transparent:not(.u-overlap-contrast) .u-header :not(.u-nav-item) > .u-btn:active,\n        .u-gradient > .u-container-layout > .u-btn:active,\n        .u-image:not(.u-shading) > .u-container-layout > .u-btn:active,\n        .u-btn:active\n        {\n        background-color: var(--button-active-background-color);\n        color: var(--button-active-color);\n        }\n        .u-overlap.u-overlap-transparent:not(.u-overlap-contrast) .u-header :not(.u-nav-item) > blockquote,\n        .u-gradient > .u-container-layout > blockquote,\n        .u-image:not(.u-shading) > .u-container-layout > blockquote,\n        blockquote\n        {\n        border-color: var(--blockquote-border-color);\n        }\n        .u-overlap.u-overlap-transparent:not(.u-overlap-contrast) .u-header :not(.u-nav-item) > a,\n        .u-gradient > .u-container-layout > a,\n        .u-image:not(.u-shading) > .u-container-layout > a,\n        a\n        {\n        color: var(--hyperlink-color);\n        }\n        .u-overlap.u-overlap-transparent:not(.u-overlap-contrast) .u-header :not(.u-nav-item) > a:hover,\n        .u-gradient > .u-container-layout > a:hover,\n        .u-image:not(.u-shading) > .u-container-layout > a:hover,\n        a:hover\n        {\n        color: var(--hyperlink-hover-color);\n        }\n        .u-overlap.u-overlap-transparent:not(.u-overlap-contrast) .u-header :not(.u-nav-item) > .u-input,\n        .u-gradient > .u-container-layout > .u-input,\n        .u-image:not(.u-shading) > .u-container-layout > .u-input,\n        .u-input\n        {\n        border-color: var(--form-input-border-color);\n        background-color: var(--form-input-background-color);\n        color: var(--form-input-color);\n        }\n        /** color-rules **/\n\n        /** alt-color-rules **/\n        .u-shading h1.u-title,.u-overlap-contrast .u-header h1.u-title:not(.u-nav-link):not(.u-btn)\n        {\n        color: var(--title-alt-text-color);\n        }\n        .u-body-color .u-btn,.u-palette-1-base .u-btn,.u-palette-1-dark-3 .u-btn,.u-palette-1-dark-2 .u-btn,.u-palette-1-dark-1 .u-btn,.u-palette-1 .u-btn,.u-palette-1-light-1 .u-btn,.u-palette-2-base .u-btn,.u-palette-2-dark-3 .u-btn,.u-palette-2-dark-2 .u-btn,.u-palette-2-dark-1 .u-btn,.u-palette-2 .u-btn,.u-palette-2-light-1 .u-btn,.u-palette-2-light-2 .u-btn,.u-palette-3-base .u-btn,.u-palette-3-dark-3 .u-btn,.u-palette-3-dark-2 .u-btn,.u-palette-3-dark-1 .u-btn,.u-palette-3 .u-btn,.u-palette-4-base .u-btn,.u-palette-4-dark-3 .u-btn,.u-palette-4-dark-2 .u-btn,.u-palette-4-dark-1 .u-btn,.u-palette-4 .u-btn,.u-palette-4-light-1 .u-btn,.u-palette-5-dark-3 .u-btn,.u-palette-5-dark-2 .u-btn,.u-palette-5-dark-1 .u-btn,.u-grey-40 .u-btn,.u-grey-30 .u-btn,.u-grey-90 .u-btn,.u-grey-80 .u-btn,.u-grey-75 .u-btn,.u-black .u-btn,.u-grey-70 .u-btn,.u-grey-60 .u-btn,.u-grey-50 .u-btn,.u-grey-dark-3 .u-btn,.u-grey-dark-2 .u-btn,.u-grey-dark-1 .u-btn,.u-grey .u-btn,.u-shading .u-btn,.u-overlap-contrast .u-header .u-btn\n        {\n        background-color: var(--button-alt-background-color);\n        color: var(--button-alt-color);\n        }\n        .u-body-color .u-btn:hover,.u-palette-1-base .u-btn:hover,.u-palette-1-dark-3 .u-btn:hover,.u-palette-1-dark-2 .u-btn:hover,.u-palette-1-dark-1 .u-btn:hover,.u-palette-1 .u-btn:hover,.u-palette-1-light-1 .u-btn:hover,.u-palette-2-base .u-btn:hover,.u-palette-2-dark-3 .u-btn:hover,.u-palette-2-dark-2 .u-btn:hover,.u-palette-2-dark-1 .u-btn:hover,.u-palette-2 .u-btn:hover,.u-palette-2-light-1 .u-btn:hover,.u-palette-2-light-2 .u-btn:hover,.u-palette-3-base .u-btn:hover,.u-palette-3-dark-3 .u-btn:hover,.u-palette-3-dark-2 .u-btn:hover,.u-palette-3-dark-1 .u-btn:hover,.u-palette-3 .u-btn:hover,.u-palette-4-base .u-btn:hover,.u-palette-4-dark-3 .u-btn:hover,.u-palette-4-dark-2 .u-btn:hover,.u-palette-4-dark-1 .u-btn:hover,.u-palette-4 .u-btn:hover,.u-palette-4-light-1 .u-btn:hover,.u-palette-5-dark-3 .u-btn:hover,.u-palette-5-dark-2 .u-btn:hover,.u-palette-5-dark-1 .u-btn:hover,.u-grey-40 .u-btn:hover,.u-grey-30 .u-btn:hover,.u-grey-90 .u-btn:hover,.u-grey-80 .u-btn:hover,.u-grey-75 .u-btn:hover,.u-black .u-btn:hover,.u-grey-70 .u-btn:hover,.u-grey-60 .u-btn:hover,.u-grey-50 .u-btn:hover,.u-grey-dark-3 .u-btn:hover,.u-grey-dark-2 .u-btn:hover,.u-grey-dark-1 .u-btn:hover,.u-grey .u-btn:hover,.u-shading .u-btn:hover,.u-overlap-contrast .u-header .u-btn:hover\n        {\n        background-color: var(--button-hover-alt-background-color);\n        color: var(--button-hover-alt-color);\n        }\n        .u-body-color .u-btn:active,.u-palette-1-base .u-btn:active,.u-palette-1-dark-3 .u-btn:active,.u-palette-1-dark-2 .u-btn:active,.u-palette-1-dark-1 .u-btn:active,.u-palette-1 .u-btn:active,.u-palette-1-light-1 .u-btn:active,.u-palette-2-base .u-btn:active,.u-palette-2-dark-3 .u-btn:active,.u-palette-2-dark-2 .u-btn:active,.u-palette-2-dark-1 .u-btn:active,.u-palette-2 .u-btn:active,.u-palette-2-light-1 .u-btn:active,.u-palette-2-light-2 .u-btn:active,.u-palette-3-base .u-btn:active,.u-palette-3-dark-3 .u-btn:active,.u-palette-3-dark-2 .u-btn:active,.u-palette-3-dark-1 .u-btn:active,.u-palette-3 .u-btn:active,.u-palette-4-base .u-btn:active,.u-palette-4-dark-3 .u-btn:active,.u-palette-4-dark-2 .u-btn:active,.u-palette-4-dark-1 .u-btn:active,.u-palette-4 .u-btn:active,.u-palette-4-light-1 .u-btn:active,.u-palette-5-dark-3 .u-btn:active,.u-palette-5-dark-2 .u-btn:active,.u-palette-5-dark-1 .u-btn:active,.u-grey-40 .u-btn:active,.u-grey-30 .u-btn:active,.u-grey-90 .u-btn:active,.u-grey-80 .u-btn:active,.u-grey-75 .u-btn:active,.u-black .u-btn:active,.u-grey-70 .u-btn:active,.u-grey-60 .u-btn:active,.u-grey-50 .u-btn:active,.u-grey-dark-3 .u-btn:active,.u-grey-dark-2 .u-btn:active,.u-grey-dark-1 .u-btn:active,.u-grey .u-btn:active,.u-shading .u-btn:active,.u-overlap-contrast .u-header .u-btn:active\n        {\n        background-color: var(--button-active-alt-background-color);\n        color: var(--button-active-alt-color);\n        }\n        .u-body-color a,.u-palette-1-base a,.u-palette-1-dark-3 a,.u-palette-1-dark-2 a,.u-palette-1-dark-1 a,.u-palette-1 a,.u-palette-1-light-1 a,.u-palette-2-base a,.u-palette-2-dark-3 a,.u-palette-2-dark-2 a,.u-palette-2-dark-1 a,.u-palette-2 a,.u-palette-2-light-1 a,.u-palette-2-light-2 a,.u-palette-3-base a,.u-palette-3-dark-3 a,.u-palette-3-dark-2 a,.u-palette-3-dark-1 a,.u-palette-3 a,.u-palette-4-base a,.u-palette-4-dark-3 a,.u-palette-4-dark-2 a,.u-palette-4-dark-1 a,.u-palette-4 a,.u-palette-4-light-1 a,.u-palette-5-dark-3 a,.u-palette-5-dark-2 a,.u-palette-5-dark-1 a,.u-grey-40 a,.u-grey-30 a,.u-grey-90 a,.u-grey-80 a,.u-grey-75 a,.u-black a,.u-grey-70 a,.u-grey-60 a,.u-grey-50 a,.u-grey-dark-3 a,.u-grey-dark-2 a,.u-grey-dark-1 a,.u-grey a,.u-shading a,.u-overlap-contrast .u-header a:not(.u-nav-link):not(.u-btn)\n        {\n        color: var(--hyperlink-alt-text-color);\n        }\n        .u-body-color a:hover,.u-palette-1-base a:hover,.u-palette-1-dark-3 a:hover,.u-palette-1-dark-2 a:hover,.u-palette-1-dark-1 a:hover,.u-palette-1 a:hover,.u-palette-1-light-1 a:hover,.u-palette-2-base a:hover,.u-palette-2-dark-3 a:hover,.u-palette-2-dark-2 a:hover,.u-palette-2-dark-1 a:hover,.u-palette-2 a:hover,.u-palette-2-light-1 a:hover,.u-palette-2-light-2 a:hover,.u-palette-3-base a:hover,.u-palette-3-dark-3 a:hover,.u-palette-3-dark-2 a:hover,.u-palette-3-dark-1 a:hover,.u-palette-3 a:hover,.u-palette-4-base a:hover,.u-palette-4-dark-3 a:hover,.u-palette-4-dark-2 a:hover,.u-palette-4-dark-1 a:hover,.u-palette-4 a:hover,.u-palette-4-light-1 a:hover,.u-palette-5-dark-3 a:hover,.u-palette-5-dark-2 a:hover,.u-palette-5-dark-1 a:hover,.u-grey-40 a:hover,.u-grey-30 a:hover,.u-grey-90 a:hover,.u-grey-80 a:hover,.u-grey-75 a:hover,.u-black a:hover,.u-grey-70 a:hover,.u-grey-60 a:hover,.u-grey-50 a:hover,.u-grey-dark-3 a:hover,.u-grey-dark-2 a:hover,.u-grey-dark-1 a:hover,.u-grey a:hover\n        {\n        color: var(--hyperlink-hover-alt-text-color);\n        }\n        /** alt-color-rules **/\n    </style><style id=\"font-scheme\" font-scheme=\"Roboto-OpenSans\" heading-font=\"Roboto,sans-serif\" text-font=\"'Open Sans',sans-serif\">.u-body {\n   --text-font: 'Open Sans',sans-serif;\n   --heading-font: Roboto,sans-serif;\n}</style>","appVersion":"5.12.7","publicUrl":null,"customDomainUrl":null,"datePublished":null,"isTrial":true,"serverSiteId":0,"items":[{"id":5225628,"status":2,"title":"PRODUCTOS","order":null,"templateKey":null,"customTemplate":false,"customTemplateFilename":null,"pageLinks":["5225608"],"dateCreated":"2023-06-28T19:28:06.064Z","dateUpdated":"2023-06-28T19:28:06.073Z","folderId":null,"pageName":"PRODUCTOS_5225628"},{"id":5225606,"status":2,"title":"CERTIFICACIONES","order":null,"templateKey":null,"customTemplate":false,"customTemplateFilename":null,"pageLinks":["5225608"],"dateCreated":"2023-06-28T17:49:52.338Z","dateUpdated":"2023-06-28T17:49:52.346Z","folderId":null,"pageName":"CERTIFICACIONES_5225606"},{"id":5225608,"status":2,"title":"INICIO","order":null,"templateKey":null,"customTemplate":false,"customTemplateFilename":null,"pageLinks":["5225608"],"dateCreated":"2023-06-28T19:18:48.684Z","dateUpdated":"2023-06-28T19:18:48.692Z","folderId":null,"pageName":"INICIO_5225608"},{"id":5225609,"status":2,"title":"EMPRESA","order":null,"templateKey":null,"customTemplate":false,"customTemplateFilename":null,"pageLinks":["5225608"],"dateCreated":"2023-06-28T19:24:49.229Z","dateUpdated":"2023-06-28T19:24:49.235Z","folderId":null,"pageName":"EMPRESA_5225609"},{"id":5225626,"status":2,"title":"LEGAL","order":null,"templateKey":null,"customTemplate":false,"customTemplateFilename":null,"pageLinks":["5225608"],"dateCreated":"2023-06-28T18:44:30.242Z","dateUpdated":"2023-06-28T18:44:30.251Z","folderId":null,"pageName":"LEGAL_5225626"},{"id":31295037,"status":2,"title":"Blog Template","order":1,"templateKey":"blog","customTemplate":false,"customTemplateFilename":null,"pageLinks":["6","5","4"],"dateCreated":"2023-06-28T14:23:45.280Z","dateUpdated":"2023-06-28T14:23:45.286Z","folderId":null,"pageName":"Blog Template"},{"id":584817112,"status":2,"title":"Post Template","order":2,"templateKey":"post","customTemplate":false,"customTemplateFilename":null,"pageLinks":[],"dateCreated":"2023-06-28T14:23:45.232Z","dateUpdated":"2023-06-28T14:23:45.240Z","folderId":null,"pageName":"Post Template"},{"id":2152701012,"status":2,"title":"Product List Template","order":3,"templateKey":"products","customTemplate":false,"customTemplateFilename":null,"pageLinks":[],"dateCreated":"2023-06-28T14:23:45.233Z","dateUpdated":"2023-06-28T14:23:45.241Z","folderId":null,"pageName":"Product List Template"},{"id":1733104369,"status":2,"title":"Product Details Template","order":4,"templateKey":"product","customTemplate":false,"customTemplateFilename":null,"pageLinks":[],"dateCreated":"2023-06-28T14:23:45.233Z","dateUpdated":"2023-06-28T14:23:45.241Z","folderId":null,"pageName":"Product Details Template"},{"id":672809639,"status":2,"title":"Shopping Cart Template","order":5,"templateKey":"cart","customTemplate":false,"customTemplateFilename":null,"pageLinks":[],"dateCreated":"2023-06-28T14:23:45.234Z","dateUpdated":"2023-06-28T14:23:45.241Z","folderId":null,"pageName":"Shopping Cart Template"},{"id":270906202,"status":2,"title":"Checkout Template","order":6,"templateKey":"checkout","customTemplate":false,"customTemplateFilename":null,"pageLinks":[],"dateCreated":"2023-06-28T13:16:04.370Z","dateUpdated":"2023-06-28T13:16:04.376Z","folderId":null,"pageName":"Checkout Template"},{"id":227048624,"status":2,"title":"Login Template","order":7,"templateKey":"login","customTemplate":false,"customTemplateFilename":null,"pageLinks":[],"dateCreated":"2023-06-28T14:23:45.234Z","dateUpdated":"2023-06-28T14:23:45.244Z","folderId":null,"pageName":"Login Template"},{"id":174769969,"status":2,"title":"Page Password Template","order":8,"templateKey":"password","customTemplate":false,"customTemplateFilename":null,"pageLinks":[],"dateCreated":"2023-06-28T14:23:45.240Z","dateUpdated":"2023-06-28T14:23:45.246Z","folderId":null,"pageName":"Page Password Template"},{"id":56861154,"status":2,"title":"404 Not Found Template","order":9,"templateKey":"404","customTemplate":false,"customTemplateFilename":null,"pageLinks":[],"dateCreated":"2023-06-28T14:23:45.241Z","dateUpdated":"2023-06-28T14:23:45.245Z","folderId":null,"pageName":"404 Not Found Template"},{"id":50784213,"status":2,"title":"Proyectos","order":10,"templateKey":null,"customTemplate":false,"customTemplateFilename":null,"pageLinks":[],"dateCreated":"2023-06-28T20:17:25.753Z","dateUpdated":"2023-06-28T20:17:25.765Z","folderId":null,"pageName":"Proyectos_50784213"},{"id":104340751,"status":2,"title":"CONTACTO","order":11,"templateKey":null,"customTemplate":false,"customTemplateFilename":null,"pageLinks":[],"dateCreated":"2023-06-28T20:38:26.848Z","dateUpdated":"2023-06-28T20:38:26.856Z","folderId":null,"pageName":"CONTACTO_104340751"}]}